{"type": "FeatureCollection", "name": "regions_onshore_elec_s_10", "crs": {"type": "name", "properties": {"name": "urn:ogc:def:crs:OGC:1.3:CRS84"}}, "features": [{"type": "Feature", "properties": {"name": "RO.10_1_AC", "x": 26.06875, "y": 44.40795, "country": "RO"}, "geometry": {"type": "Polygon", "coordinates": [[[26.367046355000184, 44.64559173500015], [26.356483460000106, 44.63597488400018], [26.369716645000153, 44.6406364450001], [26.402587891000167, 44.61107635500019], [26.339033127000164, 44.54766464300013], [26.364881516000025, 44.527656556000125], [26.402221679000036, 44.53363418600014], [26.403120041000136, 44.514762879000045], [26.417520523000064, 44.52152633600002], [26.36186981300017, 44.486118317000034], [26.39601326000019, 44.45740509100017], [26.464179992000027, 44.45345687900016], [26.349035264000065, 44.411518097000055], [26.326631546000158, 44.38595962599999], [26.294225693000044, 44.41703796500008], [26.262226106000128, 44.409557342000085], [26.332445144000133, 44.37212753300014], [26.253997803000118, 44.33032989500015], [26.277427673000147, 44.317512512000064], [26.261339187000033, 44.29511260900006], [26.207752228000118, 44.26996994100017], [26.191679000000136, 44.24181365900006], [26.17471313500016, 44.25085449300008], [26.167446137000184, 44.21590805000005], [26.01148223900003, 44.30146026700015], [25.976345062000178, 44.269866944000114], [26.00302696300014, 44.30594635000017], [25.996391297000173, 44.316226959000176], [25.910270691000164, 44.33332061699997], [25.88834190400007, 44.344947815000126], [25.89105606100003, 44.35816955600012], [25.863500595, 44.35993576200008], [25.85876846300016, 44.39024734500015], [25.827024460000075, 44.392539977000126], [25.87057685900004, 44.41929626600012], [25.84856796200006, 44.43166351300016], [25.86672973600014, 44.443733216000055], [25.85088729800009, 44.46850967400013], [25.862718583000174, 44.47975921700004], [25.87212371800001, 44.45891189700012], [25.901882171000125, 44.45354080300018], [25.917335510000044, 44.477718353000114], [25.897535324000103, 44.485969543000124], [25.922204971000156, 44.51673126200012], [25.87676620400009, 44.553821564000145], [25.888963699999977, 44.559303284000066], [25.878221512000096, 44.57313919000012], [25.931161880000047, 44.5718383790001], [25.993474960000185, 44.612384796000185], [25.94071388300017, 44.64623260500002], [25.97203445500014, 44.66030502400008], [25.96688842700013, 44.67111587599999], [25.984037400000034, 44.665573121000136], [25.959863663000135, 44.68410492000004], [25.991285325000092, 44.691417695000155], [25.963541030000044, 44.74817275900011], [26.051153183000054, 44.734840394], [26.074048996000045, 44.75119781600006], [26.102674484000147, 44.73703384500004], [26.090280534000158, 44.7605323790001], [26.103197099000113, 44.76722335900001], [26.12428283700018, 44.75187301700004], [26.184986114000083, 44.75798034600007], [26.249305725, 44.73819351200018], [26.2750930790001, 44.76920700000011], [26.30345535300006, 44.769012451000094], [26.375524520000113, 44.72076797500017], [26.371673584000177, 44.69874191300005], [26.335273744000062, 44.674819947000174], [26.367046355000184, 44.64559173500015]], [[26.14940098060936, 44.33931787989762], [26.155651092000085, 44.33623123100011], [26.167116164000163, 44.34347915600006], [26.14940098060936, 44.33931787989762]], [[26.11297607500012, 44.36664962900005], [26.10102056825497, 44.36321078949858], [26.1291337104694, 44.34932697303567], [26.11297607500012, 44.36664962900005]], [[26.115959167000028, 44.48797225900012], [26.1864280690001, 44.48039245600012], [26.115193533911988, 44.4909632917685], [26.115959167000028, 44.48797225900012]], [[26.23057355151169, 44.433777977702846], [26.233798981000064, 44.43811798000013], [26.15606498700015, 44.45626831100009], [26.23057355151169, 44.433777977702846]]]}}, {"type": "Feature", "properties": {"name": "RO.11_1_AC", "x": 26.8147, "y": 45.1484, "country": "RO"}, "geometry": {"type": "Polygon", "coordinates": [[[27.212539672000048, 44.874191284000176], [27.232906341000046, 44.85960769600018], [27.212703705000024, 44.8072395320001], [27.190225601000066, 44.806659700000125], [27.209117889000026, 44.79708099400017], [27.20442199700011, 44.786319732000095], [27.157047272000113, 44.78898239200015], [27.14727592400004, 44.76161193900009], [27.195219040000097, 44.75255203200015], [27.185348509999983, 44.73453521800019], [27.099430084000062, 44.74512100100003], [27.11258316100009, 44.782279968000125], [27.009374619000027, 44.82463455200019], [26.974658965, 44.78856659000019], [26.880142211000077, 44.82054519600007], [26.811773300000084, 44.79555511500013], [26.77794075000014, 44.815444947], [26.632465363000165, 44.81390380900007], [26.609918594000078, 44.872394563000114], [26.55514717200009, 44.915489197000056], [26.53765487700008, 44.91061019900013], [26.534297943000126, 44.939929962], [26.60147476300017, 44.95605850300018], [26.531076432000134, 45.01516723600014], [26.493549347999988, 45.00563430900013], [26.470277785000178, 45.06362915100004], [26.444551467000167, 45.076564790000134], [26.45766639700014, 45.0819625850001], [26.451362609000114, 45.12652969400017], [26.470962525000175, 45.13870239200014], [26.46177291900011, 45.19833374100011], [26.378030777000106, 45.158733368000185], [26.35383415100017, 45.16569900400009], [26.35843086200009, 45.21446228100001], [26.25126838700004, 45.199470519000045], [26.224952697000163, 45.27400970500008], [26.18681335499997, 45.27906799400006], [26.23446082999999, 45.316047669000056], [26.161712646000183, 45.363269807000165], [26.169649125000035, 45.39574050900006], [26.144891738000183, 45.41112136900006], [26.150518417000058, 45.457431794000115], [26.073736191000023, 45.50663375800008], [26.149715424000135, 45.58699798599997], [26.17214775000008, 45.56281280500008], [26.187490464000177, 45.60830307000009], [26.214874267000084, 45.6219673170001], [26.247425080000085, 45.62656021200007], [26.252183915000103, 45.603569030000074], [26.28190612800006, 45.58618545500019], [26.312213898000095, 45.603351592000024], [26.33115387100014, 45.63233947800006], [26.334066389999975, 45.68628311100019], [26.35494613600008, 45.72278213600009], [26.38587188700012, 45.73664856100015], [26.39350509700006, 45.80271148700018], [26.44295311000019, 45.77582550200003], [26.437768937000158, 45.73984527600004], [26.531393051000123, 45.64131164600008], [26.68324089000015, 45.609008790000075], [26.74491691700007, 45.56672668400017], [26.744710922000138, 45.550937653000176], [26.806926728, 45.54817199700017], [26.83589744500017, 45.51838302599998], [26.891687392000108, 45.51706695600018], [26.9048843380001, 45.53891372800018], [26.94977760400002, 45.52215576200007], [26.9873771660001, 45.53797531100008], [26.976594926000075, 45.532226562], [27.00347519000013, 45.4851188670001], [27.047098160000132, 45.45271301300005], [27.091503143000125, 45.44614410300011], [27.110759734999988, 45.475193024000134], [27.15987205400006, 45.46543502700018], [27.108089447000054, 45.43880462700014], [27.116115571000137, 45.40955352800012], [27.14489936800004, 45.41070175200008], [27.195932389000063, 45.45363998400012], [27.22497558500004, 45.42781829900014], [27.281089782000038, 45.45459747400008], [27.281791687000066, 45.42711639400005], [27.26589584400017, 45.42123794600019], [27.271520616000146, 45.39043808000014], [27.35667419400005, 45.37142181400009], [27.435247421000042, 45.3946571350001], [27.443273544000192, 45.37597656300005], [27.399789811000062, 45.361694336000085], [27.41192626999998, 45.34230804500004], [27.381290437000132, 45.33002471900011], [27.391756057000066, 45.28697967500017], [27.367130279000037, 45.27281189100012], [27.314289092000138, 45.292648315000065], [27.35154533300016, 45.212631226000155], [27.294162749000122, 45.21376037600015], [27.285100937000152, 45.20037078900009], [27.176675796000097, 45.249626160000105], [27.06798744100007, 45.159030914000084], [27.097869873000036, 45.13016128600009], [27.116035462000184, 45.13767623900003], [27.11354255600014, 45.15663528500005], [27.151403427000048, 45.17081451400003], [27.168548583000074, 45.11007690500014], [27.18366241400014, 45.110424042000034], [27.16808128400004, 45.103672028000176], [27.168626784000026, 45.08483123700012], [27.207904815000177, 45.10115432700013], [27.19910621700012, 45.02814102100001], [27.249252320000096, 45.027488708000135], [27.250789642000143, 44.99518966700015], [27.283193588000188, 44.99791336200019], [27.236213684000063, 44.8694343570001], [27.212539672000048, 44.874191284000176]]]}}, {"type": "Feature", "properties": {"name": "RO.12_1_AC", "x": 27.3273, "y": 44.2343, "country": "RO"}, "geometry": {"type": "Polygon", "coordinates": [[[26.769723892000115, 44.07968521200007], [26.44668388400015, 44.03403091500013], [26.38142585700018, 44.04323959400011], [26.360099792000028, 44.108398437], [26.421482086000026, 44.12554931600005], [26.423423766999974, 44.182918549000135], [26.40170478900012, 44.184135437000066], [26.417266846000132, 44.204101562000176], [26.40204620300011, 44.22430038600004], [26.362413406000144, 44.2234649670001], [26.36138534500003, 44.24237060500013], [26.305135727000163, 44.25605392400013], [26.255626679000045, 44.29840850900007], [26.277427673000147, 44.317512512000064], [26.253997803000118, 44.33032989500015], [26.332445144000133, 44.37212753300014], [26.262226106000128, 44.409557342000085], [26.294225693000044, 44.41703796500008], [26.326631546000158, 44.38595962599999], [26.349035264000065, 44.411518097000055], [26.464179992000027, 44.45345687900016], [26.39601326000019, 44.45740509100017], [26.36186981300017, 44.486118317000034], [26.473033904000033, 44.54547500600006], [26.437320708000072, 44.54925537100007], [26.47795486500013, 44.580093383000076], [26.564334869999982, 44.526771545000145], [26.600650787000177, 44.52331924500015], [26.592323304000104, 44.51138305600011], [26.622629166000138, 44.543319702000076], [26.64640426600016, 44.536354066000115], [26.637006760000133, 44.54116821400004], [26.666311264000058, 44.595691681000176], [26.68519592299998, 44.5913314820001], [26.679937362000032, 44.5628700260001], [26.727376938000134, 44.55916976999998], [26.72413063000016, 44.537990570000034], [26.75599098100008, 44.52861023000014], [26.761764526000036, 44.55029296900017], [26.788438797000026, 44.54211425800014], [26.77177238500002, 44.51819992000014], [26.797771454000156, 44.51145935200003], [26.811822892000123, 44.522945405000144], [26.824989319000167, 44.51178360000006], [26.831390381000062, 44.52804183900008], [26.85218048100006, 44.524780274000136], [26.845830918000047, 44.515861511000026], [27.00483703700013, 44.52921676700015], [27.005100251000044, 44.50896835300006], [27.0930919650001, 44.50907135000017], [27.093120576000103, 44.48529434300008], [27.136932374000082, 44.48320388800005], [27.141120910000097, 44.50140380800008], [27.207834244000082, 44.48413085900006], [27.207277298, 44.51601028500005], [27.2270202630001, 44.5135650630001], [27.22945404000012, 44.493782044000056], [27.26455497700016, 44.489398956000116], [27.26941108700015, 44.50650787500007], [27.291797638000105, 44.50401306100002], [27.28905487000003, 44.49004745600013], [27.347261430000174, 44.48630905099998], [27.353797913, 44.517494202000194], [27.389886857000135, 44.49639892600004], [27.5037975300001, 44.49385070900013], [27.51975250300012, 44.49743271000011], [27.52672576900011, 44.544113160000165], [27.547082901000124, 44.54219436700009], [27.54794883699998, 44.56227874800004], [27.57339668400016, 44.559345246000134], [27.57158851700018, 44.46802902200017], [27.640569687000095, 44.47092437800006], [27.659940719000076, 44.44537353500016], [27.65581321600007, 44.421195985000054], [27.732742311000095, 44.41944122300015], [27.771467208000104, 44.395015716000046], [27.747119904000158, 44.38220596300005], [27.76399993800004, 44.34795379800005], [27.790847778000114, 44.35534286400019], [27.814811706000114, 44.33437728900003], [27.85655975300017, 44.38037490900007], [28.0200939180001, 44.34021759000018], [27.935413360000098, 44.25004577700014], [27.815862656000036, 44.24590683100013], [27.723396301000037, 44.19798278800016], [27.631168366, 44.206123352000134], [27.565296172000103, 44.18986511200012], [27.45365142800017, 44.12480545100004], [27.312227248000113, 44.14056778000014], [27.218757629000038, 44.11695861800018], [27.140157700000145, 44.140388489000145], [27.043434143000127, 44.144897460000095], [26.90819168100012, 44.13361358600008], [26.769723892000115, 44.07968521200007]]]}}, {"type": "Feature", "properties": {"name": "RO.13_1_AC", "x": 22.2259, "y": 45.4631, "country": "RO"}, "geometry": {"type": "Polygon", "coordinates": [[[22.15728569100014, 44.73636245800003], [22.140222548999986, 44.66027450500013], [22.17292022700002, 44.64891433800017], [22.178958892000082, 44.625541688000055], [22.14905738800013, 44.58564758300008], [22.080871581000054, 44.62208938600003], [22.017696380000075, 44.599548340000126], [21.995204926000042, 44.63256836000005], [21.918973922000134, 44.647789003000014], [21.816144943000154, 44.650966644000164], [21.792917252000052, 44.66439437900016], [21.63940238900011, 44.65994262700002], [21.619527817000062, 44.672294616000045], [21.612817763000123, 44.72722244300007], [21.587675095000122, 44.759670258000085], [21.393779754000036, 44.78326416100015], [21.35796356100019, 44.82749176100009], [21.36848449700011, 44.86491775500019], [21.48702430600008, 44.86850738600009], [21.561685562000093, 44.88935089200004], [21.548242570000184, 44.930873871000074], [21.43973922800012, 44.960906983000086], [21.36180686900002, 45.02072525099999], [21.457685471000048, 45.040779113000156], [21.44917869500017, 45.05785751300016], [21.484849929000177, 45.09164810200008], [21.471319198, 45.105026246000136], [21.479984284000068, 45.121593475], [21.530471802000136, 45.14771270900019], [21.47889137200019, 45.19460678100012], [21.51694297800003, 45.20220184400017], [21.50625228900003, 45.2176857], [21.52820015000009, 45.232070922000105], [21.522886276000065, 45.24511337300004], [21.572795868000128, 45.29313659600001], [21.566455841, 45.314548492000085], [21.535223007000013, 45.31325149600008], [21.526714326000103, 45.33191681000011], [21.473157884000102, 45.33654785200008], [21.45408821, 45.35251998900014], [21.465623856000036, 45.358867646000135], [21.442167282000128, 45.40753173900009], [21.490278244000024, 45.41920089800004], [21.48639106700017, 45.43508911200013], [21.433536530000083, 45.455554962000065], [21.435407638000186, 45.47208786100015], [21.501716614000145, 45.488162995000096], [21.504819870000063, 45.47163772500005], [21.568460465000157, 45.496749877000184], [21.586498259999985, 45.50927734400011], [21.57424736100006, 45.53511428900015], [21.601388930000155, 45.5714149480001], [21.668567658000143, 45.58575821000011], [21.78585624700014, 45.53417205800008], [21.88156318600005, 45.53323364200003], [21.89040756300011, 45.55033874600008], [21.9317798620001, 45.540027618000124], [21.947278976000177, 45.50616836600011], [22.03570365900009, 45.50196075400015], [22.06282615700013, 45.52846908599997], [22.10937118600009, 45.53628540000011], [22.10567283600011, 45.549236299000086], [22.07937431300013, 45.53932953000009], [22.090923309, 45.54643249500009], [22.074241638000103, 45.565868378000175], [22.04892158600012, 45.54998016400009], [22.04683685300006, 45.59186172400007], [22.07532501300011, 45.572212220000154], [22.107805253000095, 45.59538269100017], [22.136007309000092, 45.594421386000135], [22.149436950999984, 45.61646270700015], [22.151134491000107, 45.59930801500008], [22.190160752, 45.618267059], [22.270534516000055, 45.58572006300005], [22.31675910900009, 45.65955352800006], [22.359680175999983, 45.66769790700005], [22.455455781000126, 45.660732269000164], [22.51401519800004, 45.59558868400006], [22.584497453000097, 45.584781647], [22.59436226000014, 45.561077119000174], [22.63808631900008, 45.57145309500015], [22.62878990100006, 45.536373139000034], [22.649566650000054, 45.541980744000114], [22.678693772000088, 45.516063690000124], [22.670354843000155, 45.50718307600005], [22.708152772000176, 45.46135711599999], [22.714401244999976, 45.41612243600008], [22.65820312400018, 45.37151336599999], [22.700702668000133, 45.32888412600016], [22.697950364000178, 45.303169251000156], [22.67887497000015, 45.28293991100003], [22.68811798100012, 45.25388717700014], [22.60185050900003, 45.20540237500006], [22.56167411800004, 45.157367706000116], [22.582393647000117, 45.13840103200005], [22.65076065000011, 45.12812042300004], [22.658063888000072, 45.106437682000035], [22.493188859000043, 44.9741172790001], [22.517517088999966, 44.95526504600019], [22.48705863900011, 44.93674469000007], [22.487905502000103, 44.882465362000175], [22.425437927000132, 44.80096817100019], [22.419755936000115, 44.756275177000134], [22.364711761000024, 44.74545288200005], [22.34319114800013, 44.774398803000054], [22.26947212100015, 44.78293228100006], [22.208330154, 44.817871093000065], [22.205709458000115, 44.76174545300012], [22.15728569100014, 44.73636245800003]]]}}, {"type": "Feature", "properties": {"name": "RO.14_1_AC", "x": 23.5434, "y": 46.7713, "country": "RO"}, "geometry": {"type": "Polygon", "coordinates": [[[23.972473145000038, 46.43533325300018], [23.911220550000053, 46.46382904100017], [23.869674683000028, 46.44738388100018], [23.834812164000027, 46.46916198800005], [23.703237534000095, 46.45781707700007], [23.65254020800006, 46.42791366600005], [23.682796478000057, 46.40917205800014], [23.662506103000112, 46.397003175000066], [23.60462379500018, 46.41599655200008], [23.59139823800001, 46.456695557000046], [23.613552094, 46.48490905900013], [23.561033250000094, 46.488540649000015], [23.549652099000127, 46.50414657600015], [23.524765015000128, 46.48625564700018], [23.46419334500007, 46.504512787000124], [23.455459595000036, 46.52869033800016], [23.392555238000114, 46.540180206000116], [23.2387161260001, 46.49107742300015], [23.15242958100015, 46.5062942510001], [23.10571670400003, 46.49078750700011], [23.095214844000054, 46.46867752100002], [23.053283692000093, 46.466396332000045], [23.057146073000183, 46.49276733500017], [23.01316452000009, 46.50381851200018], [22.990566253000168, 46.537979126000096], [23.001522064000085, 46.55288696400004], [22.931379317999983, 46.55529403700018], [22.88417053300003, 46.53646469200004], [22.837558746000127, 46.546745301000044], [22.812238692000165, 46.56394577000009], [22.803146363000053, 46.618541718000074], [22.820362090000117, 46.63897323600003], [22.789560317, 46.627349854000045], [22.795166015, 46.63986587500011], [22.741315841000073, 46.716114045000154], [22.710117339000078, 46.73896026600016], [22.715690613000106, 46.763240814000085], [22.638900757000158, 46.79971695000012], [22.728185653000082, 46.81628036400008], [22.78050994800003, 46.897209167000085], [22.776700974000164, 46.91066742000015], [22.687496184000054, 46.93902206400003], [22.672899245000167, 46.95031738300014], [22.676715851000097, 46.9713439950001], [22.735603333000086, 47.0083770760001], [22.79650879000019, 46.97752380500003], [22.83654403600019, 46.995491027000185], [22.880596160000152, 46.989173889000085], [22.87266349800018, 46.98019027700019], [22.900608063000107, 46.96978378200009], [22.89846038800016, 46.94396209700011], [22.932878495000125, 46.91898727400019], [23.00824928200018, 46.90780258300015], [23.013376235000123, 46.888103485000045], [23.03506088300003, 46.901782991000175], [23.03766441300013, 46.882118225000056], [23.066709519000085, 46.90477752600009], [23.093864441000164, 46.89059066900012], [23.085014344000058, 46.86769485600013], [23.10661125100006, 46.85365295500014], [23.17688369700005, 46.875366211000085], [23.16397285400018, 46.87943267800017], [23.20025443900016, 46.86974334700005], [23.22412109300012, 46.892803192000144], [23.20416068999998, 46.92288971000016], [23.23118591399998, 46.93505096500013], [23.21780014100011, 46.93972015400004], [23.229913712000098, 46.963974], [23.283681869000077, 46.89822769200009], [23.34070968600014, 46.90893554600018], [23.383199692000176, 46.946617127000195], [23.37254524300016, 46.96067047000008], [23.38660240100006, 46.977619172000175], [23.4015827180001, 46.97696304400006], [23.413093568000022, 46.98221206700015], [23.400051117000146, 46.99382019100011], [23.460445403999984, 46.99856185900006], [23.487859726000067, 47.03028869700006], [23.429147720000174, 47.08989334100005], [23.48676109200011, 47.09123611600006], [23.489011765000043, 47.11941909900003], [23.505512238000108, 47.117500304000146], [23.493021011000167, 47.12980651800018], [23.49960899399997, 47.15498733600015], [23.54610824600013, 47.15888977100019], [23.564264297000022, 47.17925644000019], [23.61743736300008, 47.1701469410001], [23.654502868000066, 47.23490905800003], [23.722146987000144, 47.25511169500015], [23.754169465000075, 47.24225998000003], [23.754640580000057, 47.26123428400007], [23.76356887800017, 47.2837257380001], [23.81608009400003, 47.251552583000034], [23.800470352000048, 47.28173446700009], [23.843269348000092, 47.32775878899997], [23.83382797300004, 47.34793472200005], [23.848552703000166, 47.372756958000025], [23.871480942000176, 47.38048935000012], [23.924152373000027, 47.352401734000125], [24.024297713000124, 47.362236022000104], [24.030818939000028, 47.32406616100019], [24.009933472000057, 47.30559921300005], [23.981519699000046, 47.32143783600003], [23.929531097999984, 47.30047226000016], [23.92018699700003, 47.25506210300017], [23.93767929200004, 47.20064544800016], [23.96052551300005, 47.161819458000025], [24.019556046000105, 47.17737960800014], [24.030048370000088, 47.16454315100003], [24.018793106000032, 47.14344024700017], [24.071767808000175, 47.11853408800005], [24.109399796000105, 47.12441253800006], [24.12118339600005, 47.09814834700006], [24.148830414000145, 47.08991622899998], [24.132764816000133, 47.088127136000026], [24.105173111000056, 47.02729797500007], [24.122446060000073, 47.01921081600017], [24.099395752000135, 46.98940658700019], [24.120103835000123, 46.973644256000114], [24.11553192100007, 46.96083450300006], [24.17690467900013, 46.963535309000065], [24.16328620900009, 46.93373489300012], [24.22769164900012, 46.890052796000134], [24.213703156000122, 46.885471344000166], [24.211034774000154, 46.83757019199999], [24.190336226000113, 46.831352233000075], [24.19580650300003, 46.80882263200016], [24.179204940000147, 46.807556153000064], [24.189525603000106, 46.79324340700015], [24.119245530000114, 46.774204255000086], [24.12421608000011, 46.744636537000076], [24.08948707600007, 46.75386047400019], [24.072614670000064, 46.74226760900018], [24.086723328000176, 46.71403884800014], [24.12595939700003, 46.70038986100013], [24.10400581300007, 46.66197204600013], [24.035263062000126, 46.64523696900005], [24.02227592400004, 46.62834930500003], [24.069021224000096, 46.59870147600003], [24.03906440800006, 46.55757141100014], [24.046964645000116, 46.54534912100013], [24.020978928000034, 46.53157425], [23.98852539000012, 46.54255294800015], [23.960630417, 46.51563262900004], [23.97661018400015, 46.504905701000155], [23.965806960000123, 46.49884033200004], [23.972314835000134, 46.46010208100017], [24.006311416000074, 46.44247818100018], [23.972473145000038, 46.43533325300018]]]}}, {"type": "Feature", "properties": {"name": "RO.15_1_AC", "x": 28.6033, "y": 44.1727, "country": "RO"}, "geometry": {"type": "Polygon", "coordinates": [[[28.22627067500008, 43.77042007500006], [27.99568367000012, 43.843154908000145], [27.945737839000174, 43.98506546100003], [27.918294906000142, 44.00849533100012], [27.84495544400005, 43.966663361000144], [27.73932838400009, 43.95379638800017], [27.711509706000186, 43.95966720600012], [27.67512512100018, 44.03007507400014], [27.644994736000058, 44.048202514000025], [27.613420487000155, 44.012481690000186], [27.470239640000102, 44.02277755800009], [27.400905609000063, 44.012645721000126], [27.357645034000086, 44.05898666400003], [27.29266548200013, 44.07545089800004], [27.272855758000162, 44.126613615999986], [27.32699775800006, 44.14047622800018], [27.45365142800017, 44.12480545100004], [27.565296172000103, 44.18986511200012], [27.631168366, 44.206123352000134], [27.723396301000037, 44.19798278800016], [27.815862656000036, 44.24590683100013], [27.935413360000098, 44.25004577700014], [28.00000572200014, 44.30474853599998], [28.029647826000087, 44.368240356000115], [28.11050224200011, 44.441017151000096], [28.09127235400007, 44.48852920500019], [28.05534362800006, 44.50845336900011], [28.01803016700012, 44.565139770000144], [28.035066605, 44.61170959500015], [28.023788452000076, 44.63665771600017], [27.87776565600018, 44.71507644600007], [27.877050400000144, 44.75144958500016], [27.898672104000127, 44.77272796700004], [27.949417114000028, 44.780853271000126], [28.03607559200009, 44.76004028300008], [28.075632096000106, 44.804145812000115], [28.15443992600018, 44.800754547999986], [28.183013915000174, 44.78563690200008], [28.196268081000085, 44.75453949000013], [28.24120712200005, 44.7650299070001], [28.24263763400006, 44.740955353000174], [28.25331497200017, 44.74378585900007], [28.234436035000158, 44.70910644600008], [28.275400162000153, 44.69754409900008], [28.31436157200011, 44.71179199200009], [28.328565598000125, 44.7074508660001], [28.316200256000172, 44.696289063000165], [28.386871338000105, 44.680709838000155], [28.37879371700012, 44.65563583300019], [28.388223649000167, 44.63979721100014], [28.409790039000086, 44.649173738000115], [28.396173476000058, 44.633953095000095], [28.423101425000084, 44.63240814200009], [28.403991700000176, 44.6181755070001], [28.41494369600008, 44.613025666000055], [28.449253083000144, 44.63949584900007], [28.42819976700008, 44.65608596900017], [28.4332542410001, 44.68087387100013], [28.471185684000034, 44.64853286800002], [28.52955436600007, 44.633075714000086], [28.537214280000057, 44.663009644000056], [28.592113495000035, 44.65409851100003], [28.684534073000066, 44.669116975000065], [28.676555634000124, 44.64998245300018], [28.780019760000187, 44.65523529200004], [28.810949325000024, 44.63206863400006], [28.916055680000113, 44.696891784], [28.9943046570001, 44.68067932200012], [28.847918, 44.49986300000012], [28.710744857, 44.37575912600016], [28.690139771000077, 44.34375000100016], [28.69513893100003, 44.32097244300007], [28.66819381800019, 44.34569549700018], [28.65958404500003, 44.33874893200016], [28.672637939000083, 44.33180618300008], [28.628194809000092, 44.3251380910001], [28.690416337000045, 44.323471070000096], [28.63819503700006, 44.323471070000096], [28.620971680000082, 44.258750915000064], [28.65875053300016, 44.199859618000175], [28.659027101000106, 44.16180420000006], [28.672361373000115, 44.15402603300015], [28.674028396000097, 44.14291763300014], [28.700971604000074, 44.12180709800003], [28.707916259000115, 44.10736084100017], [28.672082900000078, 44.1426391600001], [28.67124938900014, 44.15097046000005], [28.656250001000046, 44.1570816040001], [28.65680503900012, 44.17041778600009], [28.651250839000113, 44.16930389400011], [28.64347267200003, 44.14791488700007], [28.66736030600015, 44.15069580200003], [28.64875030400009, 44.13763809200003], [28.665416718000074, 44.1409721390001], [28.677639008000085, 44.106529237000075], [28.655416489000174, 44.110973358000194], [28.663749695000092, 44.11236190800014], [28.656250001000046, 44.12958145200008], [28.657083512000156, 44.12097167900009], [28.649860381000167, 44.11902618500005], [28.65152740400015, 44.11125183100006], [28.649026870000057, 44.119861602000185], [28.656250001000046, 44.12097167900009], [28.652639389000058, 44.12819290200014], [28.638750076000065, 44.11680603100007], [28.644861222000145, 44.10319519100011], [28.624305726000102, 44.099582672000054], [28.650138854000033, 44.09347152800018], [28.664304733000165, 44.10874938900014], [28.66736030600015, 44.09513855100016], [28.66736030600015, 44.102916718000074], [28.67708396900008, 44.10152816800013], [28.669305802000167, 44.08986282400019], [28.6890277870001, 44.088748932000044], [28.69597244200014, 44.10319519100011], [28.689582825, 44.08708190900006], [28.639028549000102, 44.07652664200003], [28.66819381800019, 43.98652648900014], [28.634582520000038, 43.946804047000114], [28.609306000000117, 43.85041800100004], [28.591528001000086, 43.83958399900018], [28.585971999000094, 43.811249], [28.601528000000144, 43.79819500000019], [28.586250001, 43.809581999000045], [28.57986100100004, 43.80041500100009], [28.545973000000174, 43.810695999000075], [28.527361001000088, 43.80708300100008], [28.579860686000075, 43.792362213000104], [28.594028473000037, 43.799026490000074], [28.579860686000075, 43.787639619000174], [28.579860686000075, 43.740417481000065], [28.437076568000123, 43.735939027000086], [28.22627067500008, 43.77042007500006]]]}}, {"type": "Feature", "properties": {"name": "RO.16_1_AC", "x": 25.8081, "y": 45.824, "country": "RO"}, "geometry": {"type": "Polygon", "coordinates": [[[26.08842468200004, 45.522487641000055], [26.10586738600017, 45.55131149400012], [26.056385040000123, 45.59402084300012], [26.067497254000102, 45.60670089700017], [26.058225632000187, 45.61680984500009], [26.020366668000122, 45.61581039400005], [26.022087098000043, 45.637653352000086], [26.003843308000057, 45.649459838000155], [25.97010040200007, 45.64077758800016], [25.952850340999987, 45.65269851700015], [25.973451614000055, 45.6662445070001], [25.973743438000042, 45.68755340600006], [25.914873124000053, 45.710285188000114], [25.862667083000133, 45.70776367200017], [25.84375190700007, 45.730369569000175], [25.823190688000125, 45.726112365000176], [25.834775923999985, 45.74782562200005], [25.789501190000124, 45.75387954800004], [25.791934966000042, 45.76478576700009], [25.766876222000064, 45.75672149700006], [25.704219818000126, 45.773921967000035], [25.66898536700006, 45.74652862600004], [25.678043366, 45.77441406300005], [25.64729309100011, 45.80738830600018], [25.569114684999988, 45.836685181000064], [25.55888557500009, 45.85312271100014], [25.572851180000157, 45.866699220000044], [25.559307098000033, 45.87808990400015], [25.59060478200007, 45.88299942100019], [25.589027405000024, 45.872417450000114], [25.643629074000046, 45.89776992800006], [25.545347214000174, 45.888477325999986], [25.564617157000043, 45.91499710100004], [25.54112052800002, 45.93037796100003], [25.554676056000062, 45.95656585600017], [25.541099548999966, 45.955898285000046], [25.542356491000078, 45.984088898000095], [25.58709144700009, 46.02032852200011], [25.56160736100003, 46.03645324700017], [25.563674927000022, 46.05336761500007], [25.50613021800001, 46.04562377900004], [25.45236206100003, 46.07366943400018], [25.452802657000063, 46.10415649500004], [25.46887779300016, 46.10723495400009], [25.480571746000066, 46.14626312300015], [25.51054191500009, 46.16190338100017], [25.510051727000075, 46.187789916000156], [25.576459884000144, 46.21322250300011], [25.604291916000136, 46.241840364000154], [25.717983246000074, 46.27724075300006], [25.848928452, 46.12438202000004], [25.979003907, 46.13531112700008], [25.994234085000187, 46.12540435800008], [26.062309265000124, 46.16092300500003], [26.132192612000154, 46.172485352000024], [26.174274445000094, 46.16058349600007], [26.188926696000124, 46.185009003], [26.21025085500014, 46.18059539900008], [26.220893859000057, 46.206272125000055], [26.263095857000053, 46.21627044800016], [26.252098084000068, 46.23574066300006], [26.264528273999986, 46.24698257500012], [26.328262328000108, 46.230255126000145], [26.344982147000167, 46.137207031000116], [26.388158797000187, 46.145095825], [26.393730163000043, 46.122898103000125], [26.37068367100005, 46.11298370300011], [26.40939903200018, 46.10386657800012], [26.432168960000183, 46.07820892400008], [26.447200776000102, 46.01902389500009], [26.43900108400004, 45.989223481000124], [26.390913009000144, 45.95540618900003], [26.396041869000157, 45.921115875000055], [26.377208709000115, 45.907581330000085], [26.3895282740001, 45.87385177500005], [26.372549058000118, 45.843631744000106], [26.39350509700006, 45.80271148700018], [26.38587188700012, 45.73664856100015], [26.35494613600008, 45.72278213600009], [26.334066389999975, 45.68628311100019], [26.33115387100014, 45.63233947800006], [26.312213898000095, 45.603351592000024], [26.28190612800006, 45.58618545500019], [26.252183915000103, 45.603569030000074], [26.247425080000085, 45.62656021200007], [26.214874267000084, 45.6219673170001], [26.187490464000177, 45.60830307000009], [26.17214775000008, 45.56281280500008], [26.149715424000135, 45.58699798599997], [26.08842468200004, 45.522487641000055]]]}}, {"type": "Feature", "properties": {"name": "RO.17_1_AC", "x": 25.4411, "y": 44.9157, "country": "RO"}, "geometry": {"type": "Polygon", "coordinates": [[[25.549106597000105, 44.539871216000165], [25.496528626000156, 44.519378663000055], [25.482809066000073, 44.49911880600018], [25.513624192000123, 44.48826980600012], [25.481739045000097, 44.45217514100017], [25.42994880600014, 44.47397232000003], [25.45186996600006, 44.491893768000125], [25.444602965, 44.50122070200018], [25.396499634000122, 44.51842880300018], [25.357273103000182, 44.45974731400008], [25.342782974000045, 44.46495056200018], [25.304889679000098, 44.42439651500018], [25.25206375100015, 44.40370178300009], [25.23632812600016, 44.42448806900012], [25.278125762000116, 44.45273971600005], [25.268461227000103, 44.467742921000195], [25.281944276000047, 44.475280762000125], [25.25925445500002, 44.51211547800011], [25.298904418, 44.55655288700012], [25.253284455000085, 44.56309509400006], [25.227025985000125, 44.60552597000003], [25.19987869300013, 44.60926056000011], [25.206293105999976, 44.63298797700003], [25.182348251000064, 44.63240814200009], [25.194332123000038, 44.64348983900015], [25.169910431000176, 44.66207885700004], [25.238946916000145, 44.69517517100019], [25.176471711000033, 44.71501541100008], [25.21440506100015, 44.78241729700005], [25.18857955800007, 44.82689666800013], [25.2061042790001, 44.856334687000185], [25.192230224000127, 44.88162231500013], [25.199090958000056, 44.903572083000086], [25.162824631000092, 44.92147064200003], [25.17385673600012, 44.98406601000005], [25.201555251000116, 45.00207519500003], [25.188802719000137, 45.03351593000002], [25.146402359000035, 45.038909913000055], [25.14998436000019, 45.05194091800007], [25.126554489000057, 45.06588363700001], [25.18119239700019, 45.09328460800015], [25.16357421900011, 45.11727142299998], [25.145914079000136, 45.11250686700015], [25.164215089000038, 45.12478256200018], [25.14833641000007, 45.129238128000054], [25.156511308000063, 45.201477051000154], [25.140567779000094, 45.21181106500006], [25.18398285, 45.20284652700013], [25.212970734000066, 45.1566200260001], [25.254320144000076, 45.181427001000145], [25.24925422600012, 45.2111396790001], [25.292623521, 45.223995209000066], [25.28197097700007, 45.269653319999975], [25.32675552300003, 45.34638595600018], [25.322257995000086, 45.38034820500013], [25.404741287000036, 45.38681411800019], [25.41190528800007, 45.42684936600017], [25.446041108000088, 45.440437318000136], [25.474378586000114, 45.426414491000116], [25.485807419000082, 45.39543914700016], [25.474277496000127, 45.328311921000136], [25.52366256700003, 45.30894851700009], [25.55594635000017, 45.27062606800018], [25.513887405000162, 45.22326278700007], [25.53579330400015, 45.21605682400008], [25.53273582500003, 45.19097518900003], [25.559177399000077, 45.192989350000175], [25.606534958000054, 45.12464904800015], [25.676698684000144, 45.081081391], [25.70288658100003, 45.04563140800008], [25.677064896000047, 45.00986862200011], [25.689481735000072, 44.94765853900009], [25.789133072000027, 44.95313644400011], [25.82227516200004, 44.91376495400016], [25.81526756200003, 44.8748703010001], [25.77793502800006, 44.84247207600009], [25.778350830000193, 44.82526779199998], [25.84334945800009, 44.810256958000025], [25.833103179999966, 44.82539749299997], [25.876220703000172, 44.83134078900002], [25.942296982000187, 44.75678253299998], [25.909769058000165, 44.73434448400019], [25.92957496600002, 44.69865036100015], [25.959541320000028, 44.69598770100009], [25.939857483000026, 44.701042176000044], [25.96446037300018, 44.725433349000184], [25.991285325000092, 44.691417695000155], [25.959863663000135, 44.68410492000004], [25.984037400000034, 44.665573121000136], [25.96688842700013, 44.67111587599999], [25.97203445500014, 44.66030502400008], [25.94071388300017, 44.64623260500002], [25.993474960000185, 44.612384796000185], [25.90655708200012, 44.5636138910001], [25.888521194000134, 44.5808715820001], [25.87676620400009, 44.553821564000145], [25.89224815400013, 44.54163742100002], [25.876504899000054, 44.53420257500005], [25.85509681800005, 44.53918838599998], [25.84800910900009, 44.52561187800006], [25.846065522000117, 44.52414321900011], [25.811725616000103, 44.54906082200006], [25.780073165000147, 44.5296936040001], [25.70955085800017, 44.54484939600013], [25.68272209100013, 44.52361297600004], [25.64984130800019, 44.55419540500009], [25.61829185400012, 44.55105972299998], [25.59090614300004, 44.52587127700008], [25.549106597000105, 44.539871216000165]]]}}, {"type": "Feature", "properties": {"name": "RO.18_1_AC", "x": 22.9435, "y": 43.9748, "country": "RO"}, "geometry": {"type": "Polygon", "coordinates": [[[23.035985947000142, 43.80311203000002], [22.875003816000174, 43.83538436900017], [22.83980560400005, 43.88703537000009], [22.88750076400015, 43.987918854000156], [23.00557136600014, 44.01144790700016], [23.039340974000027, 44.04501342700007], [23.047428131000117, 44.06408691399997], [23.030860901000153, 44.08628463800005], [22.967929840000124, 44.098865508000074], [23.006752014000085, 44.15849304200003], [23.11142349200003, 44.150520326000105], [23.119386672000076, 44.18982315000005], [23.09663963400004, 44.199558259000014], [23.113651276000155, 44.2177314760001], [23.095664978, 44.223072053000124], [23.09556388900012, 44.26279068000008], [23.10982513400012, 44.26288986200012], [23.132280349000098, 44.31620407200012], [23.177789689000065, 44.324836732000165], [23.19052886900016, 44.36775970600013], [23.220157624000024, 44.37514877400008], [23.21893692000009, 44.38684463500016], [23.24995613100009, 44.38502502500006], [23.19926643300016, 44.413654327000074], [23.206743241000083, 44.43658447300015], [23.22467041100009, 44.43950271500006], [23.19792366000013, 44.45279693599997], [23.201465606000113, 44.46831894000019], [23.28098678500004, 44.501808167000036], [23.28517913900015, 44.51651001100004], [23.25540161100014, 44.53020858800005], [23.319330216000083, 44.53995895500009], [23.338075638000134, 44.52410125700004], [23.38002204800017, 44.54302215600012], [23.417108536000057, 44.52729797400008], [23.46722602900013, 44.57894897500006], [23.49855613699998, 44.57166671800019], [23.51607132000015, 44.60174560500013], [23.590345383000056, 44.615383149000195], [23.61624145500008, 44.590320587], [23.698637008000105, 44.602516174000016], [23.712080003000096, 44.5868339540001], [23.72078132600018, 44.72848892200011], [23.78242111200018, 44.713596344000166], [23.78966522100012, 44.637771606000115], [23.81810760400009, 44.64788055500014], [23.860363006000057, 44.62501525800019], [23.90124511700003, 44.6254997260001], [23.88245964000015, 44.61119079600013], [23.899326325000118, 44.575057984000125], [23.923280715000033, 44.56342697200017], [23.929735184000037, 44.530544281], [23.886816026000133, 44.51227951000004], [23.905639648000147, 44.49932098300013], [23.85064888100004, 44.467239380000194], [23.89919090300009, 44.45784378000013], [23.883756638000136, 44.433334350999985], [23.89212799, 44.41299057000015], [23.902631760000133, 44.42538070600017], [23.970003129000133, 44.41071319600019], [23.959642411000175, 44.38199234000018], [23.986085893000165, 44.37337875399999], [24.03020858800005, 44.385246278000125], [24.052322387000174, 44.34044265800014], [24.092781067000033, 44.299659730000144], [24.11019325300009, 44.30100250300012], [24.113403321000135, 44.26710891700009], [24.147996902000102, 44.26388549800009], [24.17536926200006, 44.251728059000015], [24.170907974000045, 44.235271454999975], [24.20775985800003, 44.23586273300009], [24.23108482300006, 44.21501922600004], [24.20157241800007, 44.16913986100013], [24.236091613000042, 44.17140197700007], [24.213958741000056, 44.110363007000046], [24.272411347000116, 44.108505250000064], [24.27277374199997, 44.08953476100015], [24.201826095000172, 44.09163284400006], [24.190982819000055, 44.06929016200007], [24.175462722000134, 44.00656128000003], [24.26614761400009, 43.999000549000186], [24.261507034000033, 43.97423172000009], [24.22503662200012, 43.94157791300006], [24.249765396000157, 43.93062210200014], [24.228210449000073, 43.85184478800005], [24.200824738000165, 43.858394623000095], [24.193664550000165, 43.8108406070001], [24.157058717000155, 43.814266205000024], [24.13056373500018, 43.775009155000134], [24.11399078400018, 43.69992828400012], [23.968324661000167, 43.744888306000064], [23.86490249700006, 43.75537490800019], [23.75695610100007, 43.80043029900014], [23.613801954999985, 43.79185485900007], [23.416744231, 43.85313034100011], [23.27701377900007, 43.84820175200008], [23.132270813000048, 43.805652618000124], [23.035985947000142, 43.80311203000002]]]}}, {"type": "Feature", "properties": {"name": "RO.19_1_AC", "x": 27.9734, "y": 45.4356, "country": "RO"}, "geometry": {"type": "Polygon", "coordinates": [[[27.866968155000166, 45.397521972000106], [27.785444260000133, 45.40818786699998], [27.78355598400003, 45.42250824000013], [27.74410438600006, 45.41495132400013], [27.751152038000157, 45.448570252000195], [27.718355179000184, 45.43374252400008], [27.674840927000105, 45.446384430000194], [27.694719314000054, 45.462604522], [27.68318367100011, 45.465042114000084], [27.692993163000153, 45.48191070600012], [27.66217231700017, 45.47271347100002], [27.656824111000105, 45.491256714000144], [27.647497176000172, 45.46244812000003], [27.62851715200003, 45.455627442000036], [27.601530075000085, 45.48421859700005], [27.52840614300004, 45.50055694600013], [27.543016433000105, 45.50960159400012], [27.526075364, 45.51974105900018], [27.529827117000025, 45.54879379300007], [27.505935668000063, 45.566886900999975], [27.536746979000043, 45.581745147000106], [27.498592376000147, 45.60820388700017], [27.51371955800016, 45.621711730000186], [27.491163253000025, 45.62472152600003], [27.499753953000095, 45.63800811900006], [27.46744346600019, 45.63703155500008], [27.44932746799998, 45.67750167900016], [27.424043655000105, 45.669692993000126], [27.397583008000026, 45.69036483700006], [27.306154251000066, 45.842464447000054], [27.28101158100003, 45.87056350600017], [27.250236511000082, 45.87282562200011], [27.28606987000012, 45.886955262000185], [27.238840104000133, 45.95609664900013], [27.234960555000043, 46.042045594], [27.270124435000184, 46.04175186300017], [27.297853470000064, 46.08471679600012], [27.425209045000088, 46.089775086000145], [27.42794227600018, 46.139530182000044], [27.482587814000055, 46.126087190000135], [27.485605240000098, 46.13990020699998], [27.50464439500007, 46.13975525000018], [27.536991120000096, 46.0947990410001], [27.518728257000078, 46.0856018070001], [27.53354263400007, 46.067371368000124], [27.517452240000125, 46.053771973000096], [27.564199448000124, 46.00353622500006], [27.606014252000136, 46.01961517300015], [27.60147667000018, 46.056293487], [27.629055022000102, 46.06153488200016], [27.588703156000065, 46.072109223000155], [27.612493516000086, 46.07702636800013], [27.589614869000116, 46.111640930000135], [27.602867127000025, 46.122695923000094], [27.585681915000123, 46.13576126100003], [27.593002320000153, 46.150352479000105], [27.608819961000165, 46.13093185400004], [27.68017387500015, 46.1414985670001], [27.764083862000064, 46.1282348630001], [27.78796196100018, 46.09093094000008], [27.84687232900012, 46.126602174000084], [27.858688355000083, 46.163337708000086], [27.87343025299998, 46.14575576900006], [27.912178039000025, 46.15406417800017], [27.94109535200016, 46.13535690400005], [27.96597290000011, 46.14138031100009], [27.98578834600005, 46.11072921800019], [28.010866166000085, 46.11557388200009], [28.010427475000085, 46.105171204000044], [28.077325820000056, 46.11776733500017], [28.12431907700011, 46.10545349100005], [28.103783000000135, 46.09866300000016], [28.11040888700012, 46.07850290699997], [28.093832000000134, 46.078899], [28.102100000000178, 46.064392001000044], [28.090492, 46.05806], [28.106595968000192, 46.05301691300019], [28.086795999000174, 46.00838499900016], [28.127187729000184, 45.92274093600008], [28.114079000000118, 45.884823000000154], [28.13402695200017, 45.87699928700005], [28.107275, 45.859589], [28.12407299600011, 45.798293957000055], [28.11418695600014, 45.79327421200014], [28.15531700000014, 45.78266500000018], [28.144948946000056, 45.76055940700019], [28.172370911000087, 45.70969772300009], [28.159296, 45.65139000000016], [28.175694998999973, 45.644901], [28.089966000000175, 45.605499], [28.122633000000178, 45.572472000000175], [28.158053999000174, 45.57544300000012], [28.149679000000106, 45.562653], [28.16825290600019, 45.520412149000094], [28.155903, 45.509998], [28.18750800000015, 45.47478500000011], [28.234470367000142, 45.46357727000003], [28.19754600600004, 45.45213317900004], [28.188758850000056, 45.41323089600007], [28.09996223400003, 45.441349031000186], [27.98778915400004, 45.39092254600013], [27.885524750000172, 45.420677185000045], [27.866968155000166, 45.397521972000106]]]}}, {"type": "Feature", "properties": {"name": "RO.1_1_AC", "x": 23.6395, "y": 45.7628, "country": "RO"}, "geometry": {"type": "Polygon", "coordinates": [[[23.69704437300004, 45.808940888000166], [23.618185043000096, 45.80225753800016], [23.623548507000123, 45.78361511200012], [23.640157700000145, 45.77846908600014], [23.650760650000052, 45.76602554300018], [23.660583495000026, 45.763614655000026], [23.665674209000088, 45.75637436000005], [23.61863136400018, 45.74581909300002], [23.590372085000126, 45.70262908900014], [23.612117767000086, 45.6873931880001], [23.592247010000108, 45.67634201000004], [23.64645958000017, 45.640365602000145], [23.633882523000068, 45.621875763], [23.65430069000007, 45.60161590600012], [23.626449585000046, 45.58502197299998], [23.621839524000052, 45.55648040800003], [23.666770935000045, 45.493640899000184], [23.7051773070001, 45.497085572000174], [23.666362763000052, 45.462451935000104], [23.614526749000106, 45.45644760100015], [23.62227440000015, 45.46394348200016], [23.599586487000124, 45.472770691000164], [23.57039070100012, 45.52491760200013], [23.515256882000074, 45.55395889300007], [23.500932694000085, 45.58012771600016], [23.43183326800016, 45.58750915500008], [23.427440643000068, 45.62499237100013], [23.41311073300011, 45.63364028900014], [23.371713639000063, 45.627738953000176], [23.374029160000077, 45.64584350600006], [23.420974732000047, 45.67615509100011], [23.367660522, 45.70730590800014], [23.382566452, 45.75949096600016], [23.354963304000137, 45.778045654000096], [23.325750350000135, 45.83620834400017], [23.332714081000177, 45.87714767500006], [23.30479621800015, 45.89416122400007], [23.339311600000087, 45.91821289100017], [23.26669883800008, 45.93393325800014], [23.23637962400005, 45.98990249600013], [23.244043351000073, 46.03864669799998], [23.185823441000025, 46.027431489000094], [23.103334427000163, 46.04644012500012], [23.085502625, 46.07109451300005], [23.099283218000096, 46.09336853100001], [23.06597900500003, 46.10946273800005], [23.05668830900015, 46.14086151200007], [23.10041809100011, 46.1401214600001], [23.097139358000163, 46.18267822399997], [23.052713393000033, 46.21398544400006], [22.98329925500019, 46.21826553400018], [22.957536698000126, 46.24679184100012], [22.949003221000112, 46.266483306000055], [22.964906693000046, 46.2832641600001], [22.934854508000114, 46.326931001000105], [22.874753952000106, 46.338123321000126], [22.813364030000173, 46.32588577200005], [22.779811860000166, 46.34999847500018], [22.70121383700007, 46.365909577000025], [22.676275253000085, 46.40897369300018], [22.721103669000172, 46.43135833700006], [22.689792632000035, 46.4420318600001], [22.678510666000022, 46.523563385000045], [22.809556961000055, 46.56922912500016], [22.88110923700009, 46.53667450000012], [22.931379317999983, 46.55529403700018], [22.993156431999978, 46.55419540300005], [23.01156234700011, 46.50532531800013], [23.057146073000183, 46.49276733500017], [23.048713683000074, 46.468627931000185], [23.08784103400012, 46.46688842700013], [23.10571670400003, 46.49078750700011], [23.15242958100015, 46.5062942510001], [23.2387161260001, 46.49107742300015], [23.38992309500003, 46.54063797000015], [23.455459595000036, 46.52869033800016], [23.46419334500007, 46.504512787000124], [23.524765015000128, 46.48625564700018], [23.549652099000127, 46.50414657600015], [23.561033250000094, 46.488540649000015], [23.613552094, 46.48490905900013], [23.59139823800001, 46.456695557000046], [23.60462379500018, 46.41599655200008], [23.662506103000112, 46.397003175000066], [23.682796478000057, 46.40917205800014], [23.65254020800006, 46.42791366600005], [23.703237534000095, 46.45781707700007], [23.834812164000027, 46.46916198800005], [23.869674683000028, 46.44738388100018], [23.911220550000053, 46.46382904100017], [23.994417191000082, 46.42689514300008], [24.02152252100018, 46.45739364700006], [24.04108810500003, 46.45780181900005], [24.018629075000035, 46.43414688000013], [24.03724670500003, 46.43365860000006], [24.037124634000122, 46.4074668880001], [23.99110221799998, 46.380199432000154], [24.029354095000144, 46.37309265200008], [24.02145958, 46.36074829100005], [24.05963516200012, 46.339523316000054], [24.14461135900018, 46.332015992000095], [24.166551589000107, 46.27159500100015], [24.195703506000086, 46.28324890200008], [24.253221513000028, 46.24069214000019], [24.191980361000162, 46.224243164000086], [24.18929100000014, 46.183803559000125], [24.211111070000072, 46.174507141000106], [24.214887619000137, 46.1544990540001], [24.120092392000174, 46.13479232800006], [24.05957603400003, 46.08494567900016], [24.044118882000078, 46.096813203000124], [24.033960343000047, 46.04105758800017], [24.02005958500007, 46.03918838500016], [24.028499603000114, 46.02886581400003], [24.004535675000113, 45.999431610000045], [23.981172562000154, 46.03852081400004], [23.89298438999998, 46.04502868600014], [23.847244262000174, 46.008129120000035], [23.871999741000025, 45.94945144800016], [23.85152435200007, 45.95931244000019], [23.817926408000176, 45.923530578000054], [23.734247207000124, 45.91433715800002], [23.732000351000067, 45.89749908600004], [23.77492332500003, 45.88105774000019], [23.728746414, 45.84836959900014], [23.736085893000052, 45.83102798600015], [23.70086097700016, 45.82895660400004], [23.69704437300004, 45.808940888000166]]]}}, {"type": "Feature", "properties": {"name": "RO.20_1_AC", "x": 25.8534, "y": 43.9449, "country": "RO"}, "geometry": {"type": "Polygon", "coordinates": [[[25.937507630000027, 43.84795379600018], [25.88584518400006, 43.78376770000017], [25.813114166000048, 43.746055603000116], [25.781703949000075, 43.71071243200015], [25.673372268000037, 43.69164276100014], [25.68972778400007, 43.72602081400004], [25.665065766000055, 43.718524933000026], [25.65238380400001, 43.74998474200004], [25.669378281000093, 43.77348327600009], [25.661251066999966, 43.82059097300004], [25.63118171600007, 43.82076644900019], [25.630975723000176, 43.84471511900017], [25.608310699000185, 43.844837189000145], [25.616050719000043, 43.90412140000018], [25.58590698200004, 43.907035827000186], [25.586505890000183, 43.93809890700015], [25.623771668000188, 43.94180679300018], [25.5929260260001, 43.984809876000156], [25.605442047000167, 43.99099731400014], [25.60097885100015, 44.03791046200007], [25.631141664000154, 44.05286789000007], [25.61601257300009, 44.06343841600017], [25.626489639000113, 44.086177826000096], [25.658613206000155, 44.11536026100015], [25.679664612000067, 44.08993911700003], [25.687530518000187, 44.122714996000184], [25.710344315000157, 44.10287475600012], [25.711021424000137, 44.13495636000016], [25.68050766000016, 44.126949311000146], [25.67876815800014, 44.157676697000056], [25.704683305, 44.16078567500006], [25.657007218000103, 44.16910171500018], [25.668296815000133, 44.21194839500009], [25.686561584000117, 44.239479065000126], [25.706935883000085, 44.23907852100007], [25.70494651700011, 44.25224304300019], [25.668937683000024, 44.269382476000146], [25.671146393000186, 44.29278946000011], [25.657573700000114, 44.297306062000075], [25.652023315000122, 44.27496719300012], [25.619838714000025, 44.288688660000105], [25.63305282600004, 44.30717849700005], [25.620592117000115, 44.31701278800011], [25.572628022000174, 44.30853653000008], [25.469341277000183, 44.32569122400014], [25.485963821000098, 44.37765884500004], [25.459369660000107, 44.37546539400017], [25.426950455000167, 44.396980285000154], [25.513624192000123, 44.48826980600012], [25.482809066000073, 44.49911880600018], [25.497768402000077, 44.52068328900003], [25.54365158100012, 44.540374757], [25.59090614300004, 44.52587127700008], [25.61829185400012, 44.55105972299998], [25.64984130800019, 44.55419540500009], [25.683893203000082, 44.52352905300012], [25.70955085800017, 44.54484939600013], [25.780073165000147, 44.5296936040001], [25.811725616000103, 44.54906082200006], [25.846065522000117, 44.52414321900011], [25.85509681800005, 44.53918838599998], [25.89224815400013, 44.54163742100002], [25.922204971000156, 44.51673126200012], [25.897535324000103, 44.485969543000124], [25.917335510000044, 44.477718353000114], [25.901882171000125, 44.45354080300018], [25.87212371800001, 44.45891189700012], [25.862718583000174, 44.47975921700004], [25.85088729800009, 44.46850967400013], [25.86672973600014, 44.443733216000055], [25.84856796200006, 44.43166351300016], [25.87057685900004, 44.41929626600012], [25.827024460000075, 44.392539977000126], [25.85876846300016, 44.39024734500015], [25.863500595, 44.35993576200008], [25.89105606100003, 44.35816955600012], [25.88834190400007, 44.344947815000126], [25.910270691000164, 44.33332061699997], [25.996391297000173, 44.316226959000176], [26.00302696300014, 44.30594635000017], [25.976345062000178, 44.269866944000114], [26.01148223900003, 44.30146026700015], [26.167446137000184, 44.21590805000005], [26.17471313500016, 44.25085449300008], [26.191679000000136, 44.24181365900006], [26.207752228000118, 44.26996994100017], [26.261339187000033, 44.29511260900006], [26.305135727000163, 44.25605392400013], [26.36138534500003, 44.24237060500013], [26.362413406000144, 44.2234649670001], [26.40204620300011, 44.22430038600004], [26.417266846000132, 44.204101562000176], [26.40170478900012, 44.184135437000066], [26.423423766999974, 44.182918549000135], [26.421482086000026, 44.12554931600005], [26.360099792000028, 44.108398437], [26.38142585700018, 44.04323959400011], [26.193313599000135, 43.98348617600004], [26.116439819000163, 43.97438430800014], [26.044345856000177, 43.90128326500013], [25.937507630000027, 43.84795379600018]]]}}, {"type": "Feature", "properties": {"name": "RO.21_1_AC", "x": 23.278, "y": 45.0283, "country": "RO"}, "geometry": {"type": "Polygon", "coordinates": [[[23.49855613699998, 44.57166671800019], [23.40443992700017, 44.58976364100016], [23.41367721500012, 44.6110076920001], [23.38633728100018, 44.62052917500017], [23.394899368000097, 44.62971115100015], [23.344400406000148, 44.63404846200012], [23.28952598500007, 44.67698288100007], [23.18718528700009, 44.67917251600011], [23.190902711000035, 44.696052552000026], [23.11851119900018, 44.68292999199997], [23.063879014000122, 44.71225738600003], [23.062656402000187, 44.73019027700013], [23.006200791000083, 44.74533844100006], [22.990596772000117, 44.7835998540001], [22.962091446000045, 44.795394897], [22.94318580600003, 44.783462525], [22.93331146300011, 44.79855346700003], [22.945564270000034, 44.81248474100005], [22.910284042, 44.82189559900013], [22.891075134000175, 44.85305404600007], [22.897434234000173, 44.88534545900018], [22.871469498000124, 44.96187210099998], [22.89913940400004, 44.965270997], [22.90154457200009, 44.9921188350001], [22.857463836000022, 44.98998642000015], [22.82802963200004, 45.03244400000017], [22.768703460000154, 45.05072021400014], [22.747550964000027, 45.0826301570001], [22.70606994700006, 45.06905746500007], [22.684982299000183, 45.10722732700009], [22.657983779000062, 45.10799026500018], [22.629753113000163, 45.13558960100005], [22.580913545000044, 45.139045715], [22.562267304000102, 45.16280746400008], [22.60185050900003, 45.20540237500006], [22.647924423000177, 45.22054290900007], [22.646921158, 45.23439025800013], [22.831081390000122, 45.28520584200004], [22.865554810000162, 45.261798860000056], [22.918043137000097, 45.27992630000017], [22.9623603820001, 45.273204804000045], [22.976825714000086, 45.25412750300012], [23.016538620000176, 45.25467300400004], [23.086990357, 45.273277283000084], [23.09493827900019, 45.291542054000104], [23.158334732000128, 45.275325776000045], [23.20962333600005, 45.277931213000045], [23.248130798000147, 45.30755615200013], [23.31388664200017, 45.30022430500003], [23.351671218999968, 45.337856294000176], [23.404741287000036, 45.33518219100017], [23.443157196000072, 45.31388092000009], [23.490278244000137, 45.31510543800016], [23.592203141000084, 45.353389739000136], [23.625370025000052, 45.33412933400018], [23.652637482000102, 45.34975433400018], [23.68855667100013, 45.3273239130001], [23.794200896000177, 45.35043716400003], [23.842197418000183, 45.334598541], [23.845741271000065, 45.31541061400003], [23.797691345000032, 45.26129150400004], [23.857154846000185, 45.15079116800007], [23.813734054000065, 45.125896454000156], [23.830051421, 45.07497406000016], [23.784030915000073, 45.06362533600014], [23.796812058000057, 45.02371597300004], [23.75662422300013, 44.99589920000017], [23.773880004000148, 44.949771881000174], [23.755010605000052, 44.871143341000106], [23.781726837000065, 44.86225890999998], [23.79745483400012, 44.81701278700007], [23.772577285000068, 44.78237533700013], [23.78242111200018, 44.713596344000166], [23.718339919000073, 44.726768494000055], [23.7274589540001, 44.684570314000155], [23.710172654000132, 44.66086959800009], [23.721382141000106, 44.62763595600012], [23.709268569000187, 44.585433961000035], [23.698637008000105, 44.602516174000016], [23.61624145500008, 44.590320587], [23.590345383000056, 44.615383149000195], [23.51607132000015, 44.60174560500013], [23.49855613699998, 44.57166671800019]]]}}, {"type": "Feature", "properties": {"name": "RO.22_1_AC", "x": 25.5726, "y": 46.7086, "country": "RO"}, "geometry": {"type": "Polygon", "coordinates": [[[25.324522018000096, 46.17544937100007], [25.275171280999984, 46.170372010000165], [25.260513306000178, 46.190677644000175], [25.26187896800019, 46.15090561000011], [25.244586945000037, 46.141777040000136], [25.14182853700015, 46.180564880000134], [25.10791778600003, 46.23076629700006], [25.071107864000112, 46.245254516000045], [24.934402465000062, 46.24663162300004], [24.931144715000187, 46.27126312300004], [24.869752883000103, 46.29943084700005], [24.86307335000015, 46.31163024900013], [24.87971878000019, 46.325473785000156], [24.855371474000037, 46.348056794], [24.88660621600019, 46.36399078300008], [24.880273819000024, 46.38401794400005], [24.980823518000022, 46.38492202800006], [24.93749427800003, 46.42136764600008], [24.948497773000156, 46.443569184000125], [24.982448579000106, 46.44432067900004], [24.990514755000163, 46.46576309200003], [25.024021149000134, 46.470405579000044], [25.01073837200005, 46.49529266300004], [24.984817505000024, 46.49583816600011], [25.02396202200009, 46.54139328100007], [25.1058387760001, 46.58253860400015], [25.152729034000117, 46.57751464800009], [25.196214676000125, 46.62781524800016], [25.219978332000096, 46.619560241000045], [25.233936311000036, 46.634311677000085], [25.224277496000184, 46.639427185000045], [25.240560532000075, 46.65039444100012], [25.238466263000078, 46.66970062300004], [25.282550812000125, 46.67233657900016], [25.29602432300004, 46.68758010900001], [25.260631562000185, 46.727844238000046], [25.262912751000044, 46.75032806400014], [25.290826797000022, 46.75252532900015], [25.318565369000055, 46.78048706200008], [25.287206650000087, 46.79758834800003], [25.28516578700004, 46.83500671400003], [25.253139496000074, 46.841228486000034], [25.27865600600012, 46.897262574000194], [25.263822556000093, 46.91280365000017], [25.290506362000087, 46.993324280000024], [25.23181724500006, 47.07481765700004], [25.247776032000047, 47.09790802100008], [25.297536849000096, 47.11551284800004], [25.288881301000174, 47.133705139000085], [25.307312012000068, 47.165691375], [25.42738533100004, 47.18423080399998], [25.45960044800006, 47.14464569100005], [25.531888963000142, 47.11078262400014], [25.53722572300012, 47.083717346000014], [25.60318374600007, 47.077590942000086], [25.632167817000038, 47.09493255700011], [25.736127853000085, 47.07383346600005], [25.802946092000184, 46.96721267700008], [25.821653366000135, 46.97690963800011], [25.84039497400005, 46.96288681100009], [25.863660812000035, 46.92379379200014], [25.804084778000117, 46.92766189600013], [25.765842438000107, 46.88508224600008], [25.78290367000011, 46.86287689300019], [25.768211364000024, 46.838226318000125], [25.790792465000095, 46.85002517800007], [25.804819107000185, 46.82572937000015], [25.83915519600015, 46.81675338900004], [25.809404372000074, 46.800308228000176], [25.81856918400001, 46.75103378400007], [25.7884941100001, 46.722755432000156], [25.86794281000016, 46.65011215300018], [25.908946991000107, 46.65324783400018], [25.885587692000115, 46.688617707000105], [25.909847259000117, 46.701557161000096], [25.976152421000165, 46.69742202700007], [26.007513046000156, 46.66078186000004], [26.02074432300003, 46.63516616800018], [26.00519370899997, 46.637783050000166], [25.992452622000144, 46.61631774900019], [26.03475189200003, 46.57131576500012], [26.03690528800007, 46.54430007900004], [26.084524154000064, 46.51273727500012], [26.076053619999982, 46.484916687], [26.057151794000163, 46.49478149400011], [26.008674622000115, 46.483058930000084], [26.01850128200016, 46.46134948700018], [25.989316940000037, 46.43953704800009], [26.00472259500009, 46.425453186000084], [25.9968223570001, 46.40701293900014], [26.04884147700011, 46.41678237900004], [26.063373565000063, 46.401004792000094], [26.16648101700008, 46.38514709400005], [26.157995224000047, 46.315372467000145], [26.222433091000028, 46.31479263300014], [26.2724704740001, 46.3451499950001], [26.29452323900017, 46.3318367010001], [26.275741577000076, 46.28738021800012], [26.254913331000182, 46.27738952700014], [26.262475968000047, 46.215679168000065], [26.220893859000057, 46.206272125000055], [26.21025085500014, 46.18059539900008], [26.188926696000124, 46.185009003], [26.174274445000094, 46.16058349600007], [26.132192612000154, 46.172485352000024], [26.062309265000124, 46.16092300500003], [26.020704269000078, 46.12816620000018], [25.848928452, 46.12438202000004], [25.717983246000074, 46.27724075300006], [25.604291916000136, 46.241840364000154], [25.576459884000144, 46.21322250300011], [25.510051727000075, 46.187789916000156], [25.51054191500009, 46.16190338100017], [25.480571746000066, 46.14626312300015], [25.462800980000168, 46.10250854500009], [25.45118331900005, 46.12499237100019], [25.37677574200012, 46.135112763], [25.324522018000096, 46.17544937100007]]]}}, {"type": "Feature", "properties": {"name": "RO.23_1_AC", "x": 22.9121, "y": 45.7573, "country": "RO"}, "geometry": {"type": "Polygon", "coordinates": [[[23.20962333600005, 45.277931213000045], [23.158334732000128, 45.275325776000045], [23.09493827900019, 45.291542054000104], [23.06765747100019, 45.26527404800004], [22.976825714000086, 45.25412750300012], [22.961172104000184, 45.27362823400006], [22.918043137000097, 45.27992630000017], [22.865554810000162, 45.261798860000056], [22.831081390000122, 45.28520584200004], [22.77848434499998, 45.26099014200014], [22.772832871000105, 45.27045822100007], [22.683559417000026, 45.25065231299999], [22.690404893000164, 45.274868012000184], [22.67887497000015, 45.28293991100003], [22.700702668000133, 45.32888412600016], [22.65820312400018, 45.37151336599999], [22.714401244999976, 45.41612243600008], [22.708152772000176, 45.46135711599999], [22.670354843000155, 45.50718307600005], [22.678693772000088, 45.516063690000124], [22.649566650000054, 45.541980744000114], [22.62878990100006, 45.536373139000034], [22.63808631900008, 45.57145309500015], [22.59436226000014, 45.561077119000174], [22.584497453000097, 45.584781647], [22.51401519800004, 45.59558868400006], [22.455455781000126, 45.660732269000164], [22.42805481, 45.66921234100016], [22.46994209200011, 45.69386291600006], [22.471359254000106, 45.73175811700014], [22.552885056000036, 45.77926635800003], [22.535881042000028, 45.801708222], [22.48165893600003, 45.78722381600011], [22.477264405000142, 45.838306427000134], [22.370100021000155, 45.883998871000074], [22.4088687900001, 45.905487060000155], [22.419857025, 45.93727111900017], [22.34033775400013, 45.98109436100009], [22.34452819800009, 45.99721908600009], [22.438674927000022, 46.01146698100007], [22.430589676000125, 46.07875061100009], [22.406753539000135, 46.09577941900005], [22.469005586000094, 46.146896362000064], [22.43911552500009, 46.20833969200015], [22.448030471000152, 46.216892242000085], [22.496641159000035, 46.24361419700011], [22.519624710000187, 46.224605561000146], [22.64760017500015, 46.22875976600005], [22.663446427000167, 46.240238189000195], [22.656068802000163, 46.25659179800016], [22.682010650000052, 46.29840850900018], [22.679740906, 46.321884155000134], [22.75030899000012, 46.35152435400005], [22.813364030000173, 46.32588577200005], [22.924263001000156, 46.33219528300009], [22.959831238000106, 46.29321670600007], [22.949003221000112, 46.266483306000055], [22.98329925500019, 46.21826553400018], [23.052713393000033, 46.21398544400006], [23.097139358000163, 46.18267822399997], [23.10041809100011, 46.1401214600001], [23.05668830900015, 46.14086151200007], [23.06597900500003, 46.10946273800005], [23.099283218000096, 46.09336853100001], [23.085502625, 46.07109451300005], [23.103334427000163, 46.04644012500012], [23.185823441000025, 46.027431489000094], [23.244043351000073, 46.03864669799998], [23.23637962400005, 45.98990249600013], [23.26669883800008, 45.93393325800014], [23.339311600000087, 45.91821289100017], [23.30479621800015, 45.89416122400007], [23.332714081000177, 45.87714767500006], [23.325750350000135, 45.83620834400017], [23.354963304000137, 45.778045654000096], [23.382566452, 45.75949096600016], [23.367660522, 45.70730590800014], [23.420974732000047, 45.67615509100011], [23.374029160000077, 45.64584350600006], [23.371713639000063, 45.627738953000176], [23.41311073300011, 45.63364028900014], [23.427440643000068, 45.62499237100013], [23.43183326800016, 45.58750915500008], [23.500932694000085, 45.58012771600016], [23.515256882000074, 45.55395889300007], [23.57039070100012, 45.52491760200013], [23.597000123000157, 45.492645264000146], [23.597606659000064, 45.454395295000154], [23.57759284900004, 45.424766541000054], [23.593809128000032, 45.42144012500012], [23.6031150820001, 45.38323211699998], [23.58689498900003, 45.3699989320001], [23.592203141000084, 45.353389739000136], [23.490278244000137, 45.31510543800016], [23.351671218999968, 45.337856294000176], [23.31388664200017, 45.30022430500003], [23.248130798000147, 45.30755615200013], [23.20962333600005, 45.277931213000045]]]}}, {"type": "Feature", "properties": {"name": "RO.24_1_AC", "x": 27.4792, "y": 47.1739, "country": "RO"}, "geometry": {"type": "Polygon", "coordinates": [[[27.21881294300016, 46.97411346500013], [27.24193954500015, 47.01226043800011], [27.18750953700004, 47.03063201900005], [27.184581757000046, 47.06176757800006], [27.157638549000126, 47.08289718700013], [27.06198692200013, 47.08514022800017], [27.02398490900009, 47.033824921000075], [26.976724624000155, 47.078163148000044], [26.963296890000038, 47.04598999100011], [26.904123307000077, 47.02824783400001], [26.87777328499999, 47.041667938000046], [26.879701615000045, 47.05784988400006], [26.821720123000034, 47.042072297000175], [26.81349945100004, 47.06755065900006], [26.761041640000087, 47.098152160000154], [26.727003098000125, 47.08538436900005], [26.684349059000112, 47.11272049000007], [26.633285523000154, 47.09517669800016], [26.601776122000103, 47.154876708000074], [26.615272522, 47.19157791100014], [26.510290145000056, 47.269893647], [26.57607269300013, 47.30679702700007], [26.51247406000016, 47.33554840200014], [26.494863510000016, 47.39255523800017], [26.529052734000174, 47.40487289500015], [26.613294602000167, 47.35515213000019], [26.683319091000158, 47.36203765800019], [26.66420173700004, 47.36528778000019], [26.68057632500006, 47.37563324000013], [26.645751953000115, 47.39920043900008], [26.704853057000037, 47.40904235800008], [26.681795119000185, 47.457324983000035], [26.728433609000092, 47.4731140130001], [26.699146270000085, 47.493064880000134], [26.71808815000003, 47.51557922300003], [26.878423691000023, 47.49208068899998], [26.978933335000193, 47.49647140500019], [27.00879860000009, 47.485260010000104], [27.018129349, 47.46931457500017], [27.006608962000087, 47.46709823599997], [27.043485642, 47.43846130400004], [27.0508403770001, 47.46637726], [27.083791734000044, 47.46463012800007], [27.073898315000065, 47.51296234200015], [27.101778029000116, 47.54814529400011], [27.22457504300013, 47.51308822600009], [27.260736465000036, 47.529357911000034], [27.24822807400011, 47.556480407000095], [27.265148162000116, 47.57143402000003], [27.429378510000163, 47.583332063000114], [27.41953849700019, 47.566135407000104], [27.458238602000108, 47.53641509900007], [27.452955245000055, 47.52224350000017], [27.46875953600005, 47.52702713000019], [27.455781937000154, 47.50822830300007], [27.475914001000035, 47.48575210500002], [27.507982254000126, 47.47862625100004], [27.517311096000128, 47.49053955200009], [27.516443253000034, 47.474018098000045], [27.539766311000108, 47.48900985800003], [27.574613571000043, 47.463451385000155], [27.554622649000123, 47.43335342500012], [27.585672379000187, 47.40890121400008], [27.569820403999984, 47.375751496000134], [27.602466584000013, 47.36822509800004], [27.596385956000177, 47.347862244000055], [27.61697578400009, 47.34022522100014], [27.58294296400004, 47.3280982980001], [27.623596191000104, 47.32625961400004], [27.64773750300003, 47.299884796000185], [27.680362701000092, 47.30991363500016], [27.687040329000183, 47.2847557070001], [27.705827712000087, 47.30011367900005], [27.72918128900011, 47.29587173500005], [27.749498368000104, 47.27699279800004], [27.760019302000046, 47.257709504000104], [27.74410629300013, 47.25724792500017], [27.75860023500013, 47.24959564200003], [27.746906280000076, 47.24292373600008], [27.787706376000074, 47.21930694700012], [27.77860260000017, 47.20470428500016], [27.792312622000168, 47.2074928290001], [27.78824615400015, 47.190994263000164], [27.80486106800015, 47.1900787350001], [27.79776764000013, 47.17140579300013], [27.81270027200003, 47.165218353000114], [27.786092758000166, 47.15049743800006], [27.801059722000048, 47.14250183100012], [27.78325462300006, 47.14252471900005], [27.844068527000104, 47.135780336000096], [27.851362229000188, 47.12431716900011], [27.82759857100001, 47.121879577000186], [27.87681007400016, 47.10767364600014], [27.899061201999984, 47.07392883300008], [27.95930290200016, 47.058185577000074], [27.946228027000018, 47.050743103000116], [27.996633529000064, 47.029331208000144], [28.049642563000077, 47.02511596700015], [28.055225372000052, 47.01417541500018], [28.03390884300012, 47.01167297300009], [28.097696305000056, 46.979164124000135], [28.079887390000067, 46.9635581980001], [28.098321914, 46.942081452000025], [28.082859039000027, 46.93775939900007], [28.11427307100007, 46.921928405000074], [28.084568024000134, 46.90264129600007], [28.114322662000177, 46.89409637500012], [28.120309829000064, 46.87791824300001], [28.099767684000085, 46.87040329000007], [28.128047942000023, 46.85242080800003], [28.116085052000187, 46.838043214000095], [28.05518913300017, 46.85181427000015], [28.01649093700013, 46.833972931000176], [27.92978286700003, 46.86662674100012], [27.945386887000097, 46.822727204000046], [27.895521164, 46.80695343000019], [27.871759415000156, 46.85968399100017], [27.798601150000025, 46.86064148000008], [27.817726135000157, 46.891292572000054], [27.812940597000136, 46.95318985000006], [27.771162033000167, 46.95529937800012], [27.793153762000145, 46.87453842200006], [27.77132415800014, 46.8729820260001], [27.734500885999978, 46.92247009300013], [27.62256240800008, 46.99192428700013], [27.609102249000102, 46.94645690900012], [27.645563126000184, 46.89767456100009], [27.59276390100007, 46.87911987400008], [27.572568893000152, 46.889144898000154], [27.56964302100016, 46.87802124000012], [27.533060074000105, 46.91606521500012], [27.521488189000024, 46.91474533100012], [27.534770966000053, 46.882343292000144], [27.461492538000073, 46.86257934600019], [27.426101684000116, 46.862743379000165], [27.399705887000096, 46.89387130800009], [27.323448181000117, 46.86445999199998], [27.28622818000008, 46.876312257], [27.227960587000098, 46.86833953900009], [27.195056915000123, 46.888118743000064], [27.202878952000106, 46.894779205000134], [27.172540665000156, 46.926429748000146], [27.123640061000117, 46.95087814400006], [27.181959152000047, 46.98908615200003], [27.21881294300016, 46.97411346500013]]]}}, {"type": "Feature", "properties": {"name": "RO.25_1_AC", "x": 27.7666, "y": 44.6926, "country": "RO"}, "geometry": {"type": "Polygon", "coordinates": [[[27.85655975300017, 44.38037490900007], [27.814811706000114, 44.33437728900003], [27.790847778000114, 44.35534286400019], [27.773380280000083, 44.34446334900019], [27.747119904000158, 44.38220596300005], [27.771467208000104, 44.395015716000046], [27.732742311000095, 44.41944122300015], [27.65581321600007, 44.421195985000054], [27.659940719000076, 44.44537353500016], [27.640569687000095, 44.47092437800006], [27.57158851700018, 44.46802902200017], [27.57339668400016, 44.559345246000134], [27.562299729000074, 44.56094741800018], [27.54794883699998, 44.56227874800004], [27.547082901000124, 44.54219436700009], [27.52672576900011, 44.544113160000165], [27.51975250300012, 44.49743271000011], [27.5037975300001, 44.49385070900013], [27.389886857000135, 44.49639892600004], [27.353797913, 44.517494202000194], [27.347261430000174, 44.48630905099998], [27.28905487000003, 44.49004745600013], [27.291797638000105, 44.50401306100002], [27.26941108700015, 44.50650787500007], [27.26455497700016, 44.489398956000116], [27.22945404000012, 44.493782044000056], [27.2270202630001, 44.5135650630001], [27.207277298, 44.51601028500005], [27.207834244000082, 44.48413085900006], [27.141120910000097, 44.50140380800008], [27.136932374000082, 44.48320388800005], [27.093120576000103, 44.48529434300008], [27.0930919650001, 44.50907135000017], [27.005100251000044, 44.50896835300006], [27.00483703700013, 44.52921676700015], [26.845830918000047, 44.515861511000026], [26.85218048100006, 44.524780274000136], [26.831390381000062, 44.52804183900008], [26.824989319000167, 44.51178360000006], [26.811822892000123, 44.522945405000144], [26.797771454000156, 44.51145935200003], [26.77177238500002, 44.51819992000014], [26.788438797000026, 44.54211425800014], [26.761764526000036, 44.55029296900017], [26.75599098100008, 44.52861023000014], [26.72413063000016, 44.537990570000034], [26.727376938000134, 44.55916976999998], [26.679937362000032, 44.5628700260001], [26.68519592299998, 44.5913314820001], [26.666311264000058, 44.595691681000176], [26.637006760000133, 44.54116821400004], [26.64640426600016, 44.536354066000115], [26.622629166000138, 44.543319702000076], [26.59602928200013, 44.51128387400007], [26.600650787000177, 44.52331924500015], [26.564334869999982, 44.526771545000145], [26.47795486500013, 44.580093383000076], [26.437320708000072, 44.54925537100007], [26.473033904000033, 44.54547500600006], [26.403120041000136, 44.514762879000045], [26.402221679000036, 44.53363418600014], [26.364881516000025, 44.527656556000125], [26.339033127000164, 44.54766464300013], [26.402587891000167, 44.61107635500019], [26.369716645000153, 44.6406364450001], [26.356483460000106, 44.63597488400018], [26.367046355000184, 44.64559173500015], [26.331146240000123, 44.67884445300007], [26.36128997800006, 44.68800735500008], [26.375524520000113, 44.72076797500017], [26.30345535300006, 44.769012451000094], [26.33922576900011, 44.79362869199997], [26.386175156000093, 44.761932374000025], [26.454225540000095, 44.81127929700017], [26.495157241000072, 44.7911796570001], [26.52683067300012, 44.82717895600001], [26.60717773500005, 44.85731124900019], [26.632465363000165, 44.81390380900007], [26.77794075000014, 44.815444947], [26.811773300000084, 44.79555511500013], [26.880142211000077, 44.82054519600007], [26.974658965, 44.78856659000019], [27.009374619000027, 44.82463455200019], [27.11258316100009, 44.782279968000125], [27.099430084000062, 44.74512100100003], [27.135541916000136, 44.735866547000114], [27.185348509999983, 44.73453521800019], [27.195219040000097, 44.75255203200015], [27.14727592400004, 44.76161193900009], [27.157047272000113, 44.78898239200015], [27.22511100800017, 44.78300476099997], [27.258962632000078, 44.75000381500007], [27.289632797000138, 44.78561782899999], [27.311214446000122, 44.77487564100011], [27.34224319499998, 44.8024749760001], [27.383552551000093, 44.77475357000003], [27.40924262900006, 44.773242950999986], [27.438179015000117, 44.799118042000146], [27.479562759000146, 44.775424958000144], [27.528366089000087, 44.77429962100001], [27.53036499000001, 44.78889465300006], [27.7233467100001, 44.76529693700013], [27.72431945800014, 44.77817154000002], [27.745765686000027, 44.779491424000184], [27.726902007000035, 44.79411697500018], [27.74319267300018, 44.8164825450001], [27.775207520000095, 44.80315780600006], [27.787597656000116, 44.82019805900018], [27.82798194900016, 44.820274353000116], [27.827239991000056, 44.78364562900009], [27.88258743200015, 44.76586151100014], [27.881986619000088, 44.70918655500009], [27.933338165000066, 44.679405212], [27.959798813000077, 44.68041992200011], [28.031703950000065, 44.62718582200017], [28.01803016700012, 44.565139770000144], [28.05534362800006, 44.50845336900011], [28.09127235400007, 44.48852920500019], [28.11050224200011, 44.441017151000096], [28.029647826000087, 44.368240356000115], [28.0200939180001, 44.34021759000018], [27.85655975300017, 44.38037490900007]]]}}, {"type": "Feature", "properties": {"name": "RO.27_1_AC", "x": 23.6103, "y": 47.6421, "country": "RO"}, "geometry": {"type": "Polygon", "coordinates": [[[23.637741089000087, 47.39240646400009], [23.580654144000107, 47.36251449500014], [23.505361556000082, 47.36322784400011], [23.483222961000024, 47.37802505500008], [23.379348754000034, 47.388416291000055], [23.36150360000005, 47.41819000200019], [23.222576140000115, 47.433391572000176], [23.185201644000188, 47.45933914200015], [23.16202545300007, 47.438339233000136], [23.062589646, 47.44155120900018], [23.045427322000023, 47.433170319000055], [23.045438767000178, 47.412345886000026], [23.018516541000167, 47.43324661200006], [22.96584892300018, 47.439659118], [22.98504638700018, 47.46094512999997], [22.963064194000083, 47.47892379800004], [22.99574851900013, 47.49382782100014], [23.047840117000078, 47.487918854000156], [23.055032729000118, 47.55587005600012], [23.140701294000053, 47.62397384700017], [23.234972001000187, 47.550811769], [23.259040832000096, 47.55062103200015], [23.260673523000094, 47.57966613800011], [23.287918090000176, 47.58105087300004], [23.289207458000135, 47.63047409200004], [23.341600418000098, 47.64405441300005], [23.354793548000146, 47.67237472500011], [23.389202118000128, 47.6846199040001], [23.365184783000075, 47.68670272900005], [23.343742371000133, 47.7140045160001], [23.245471953000106, 47.724613190000184], [23.226423263000186, 47.76668930000011], [23.263423919000104, 47.79759979300013], [23.31283569200008, 47.775192261000086], [23.39194107100019, 47.78001022400002], [23.45208168000005, 47.762256622000166], [23.561996460000046, 47.80434799200009], [23.575927735000107, 47.83670425500003], [23.63654899600016, 47.85811233600003], [23.629236221000042, 47.88670730600006], [23.589645386000143, 47.90087509200009], [23.56619262700002, 47.943778993000194], [23.49524307200005, 47.96810150200014], [23.53070259100008, 48.02009582600016], [23.568355561000146, 48.00325012200011], [23.636371613000108, 48.00323104900019], [23.666303635000133, 47.984001160000105], [23.773448944000165, 47.995212556000126], [23.82126045200016, 47.98073959500016], [23.865758897000035, 47.93202209500015], [23.943609, 47.948730000000126], [23.956224441000188, 47.96492385900018], [24.010686875000147, 47.96752166800013], [24.10022682000016, 47.93677906600004], [24.113018000000125, 47.91531], [24.198307, 47.916327999000146], [24.227085000000102, 47.896778], [24.326524766999967, 47.92615887700015], [24.355104, 47.916882], [24.437505811000108, 47.97076792500002], [24.51400000000018, 47.952106], [24.57702255300012, 47.96764755400005], [24.59855079700003, 47.94661331100008], [24.630010604, 47.94820404000012], [24.636665344000164, 47.924827575000165], [24.67540550100017, 47.896633149000195], [24.672306061000086, 47.86616516100008], [24.707414626000173, 47.84037780800014], [24.82936859100016, 47.82072830200002], [24.837938310000027, 47.779937744999984], [24.87981414700016, 47.75291442900016], [24.884765624000124, 47.724624634000065], [24.948724745999982, 47.72939300500019], [24.953670501000033, 47.706146240000066], [25.057107925000025, 47.654697419000115], [25.05340766900008, 47.64083862300009], [24.96044159000013, 47.61555862500006], [24.960084916000085, 47.59639740000017], [24.830917358000136, 47.59697341900011], [24.808862685000122, 47.56692886400015], [24.727598190000037, 47.57651138300014], [24.661205291000158, 47.554248810000104], [24.633508683000173, 47.576080323000156], [24.568901063000112, 47.562736512000185], [24.388170242, 47.60861587500011], [24.344739914000172, 47.56621933100013], [24.305309296000075, 47.57949447600009], [24.30335426199997, 47.55883026200007], [24.241737365000176, 47.5003967290001], [24.168491362999987, 47.505962372000056], [24.14301109400003, 47.48767089800009], [24.127351760000067, 47.4986457820001], [24.125579834000177, 47.43864822300014], [24.074155807000125, 47.41014480700005], [24.076921464000065, 47.390407562000064], [24.03306388900012, 47.36203765800019], [23.89956283600003, 47.35473251300016], [23.871480942000176, 47.38048935000012], [23.848552703000166, 47.372756958000025], [23.83382797300004, 47.34793472200005], [23.84300041300014, 47.340297699000075], [23.72967147800017, 47.3212509170001], [23.702753066000128, 47.34143448000009], [23.713970184000118, 47.352497101000154], [23.68204498300014, 47.35546493500004], [23.667369843000017, 47.38194274800014], [23.637741089000087, 47.39240646400009]]]}}, {"type": "Feature", "properties": {"name": "RO.28_1_AC", "x": 22.6272, "y": 44.6547, "country": "RO"}, "geometry": {"type": "Polygon", "coordinates": [[[22.89571380600006, 44.11803817700002], [22.75095176800005, 44.198192597], [22.67720031700003, 44.215080261000026], [22.680349, 44.278465], [22.55942, 44.309429001000126], [22.525198474000035, 44.33989051100019], [22.503201, 44.41758], [22.45923233000019, 44.45941162100007], [22.468751907000126, 44.48046112200012], [22.549785614000143, 44.482067107000034], [22.564422607000154, 44.53351593100007], [22.58371543900006, 44.54965209900007], [22.62237548799999, 44.55204772900004], [22.697471619000055, 44.51692581300017], [22.76294899000004, 44.538635253000166], [22.759410859000127, 44.56064605700004], [22.710857391000047, 44.60223770099998], [22.672092438000107, 44.619556427000134], [22.619159699000136, 44.61609268200016], [22.570350647, 44.637462616000164], [22.484930039000062, 44.70856094300018], [22.432353973000033, 44.71049499600008], [22.382307053000147, 44.675998687000174], [22.33319664000004, 44.675601959], [22.31000709500006, 44.65905380300006], [22.18315315300009, 44.48146057100013], [22.14206314100005, 44.470737457000155], [22.03943824700019, 44.54149627700008], [22.017696380000075, 44.599548340000126], [22.080871581000054, 44.62208938600003], [22.11894416800004, 44.59215927100013], [22.15761756900008, 44.592681885], [22.178951264000148, 44.640224456000055], [22.140222548999986, 44.66027450500013], [22.148462296000105, 44.70117569000007], [22.15814590399998, 44.737354280000034], [22.205709458000115, 44.76174545300012], [22.208330154, 44.817871093000065], [22.26947212100015, 44.78293228100006], [22.34319114800013, 44.774398803000054], [22.364711761000024, 44.74545288200005], [22.419755936000115, 44.756275177000134], [22.425437927000132, 44.80096817100019], [22.487905502000103, 44.882465362000175], [22.48705863900011, 44.93674469000007], [22.517517088999966, 44.95526504600019], [22.493188859000043, 44.9741172790001], [22.657983779000062, 45.10799026500018], [22.684982299000183, 45.10722732700009], [22.70606994700006, 45.06905746500007], [22.747550964000027, 45.0826301570001], [22.768703460000154, 45.05072021400014], [22.82802963200004, 45.03244400000017], [22.857463836000022, 44.98998642000015], [22.90154457200009, 44.9921188350001], [22.89913940400004, 44.965270997], [22.871469498000124, 44.96187210099998], [22.897434234000173, 44.88534545900018], [22.891075134000175, 44.85305404600007], [22.910284042, 44.82189559900013], [22.945564270000034, 44.81248474100005], [22.93331146300011, 44.79855346700003], [22.94318580600003, 44.783462525], [22.962091446000045, 44.795394897], [22.990596772000117, 44.7835998540001], [23.006200791000083, 44.74533844100006], [23.062656402000187, 44.73019027700013], [23.063879014000122, 44.71225738600003], [23.11851119900018, 44.68292999199997], [23.190902711000035, 44.696052552000026], [23.18718528700009, 44.67917251600011], [23.28952598500007, 44.67698288100007], [23.344400406000148, 44.63404846200012], [23.394899368000097, 44.62971115100015], [23.38633728100018, 44.62052917500017], [23.41367721500012, 44.6110076920001], [23.408527374000073, 44.58514022900005], [23.45657920800005, 44.569881440000074], [23.417108536000057, 44.52729797400008], [23.38002204800017, 44.54302215600012], [23.338075638000134, 44.52410125700004], [23.319330216000083, 44.53995895500009], [23.25540161100014, 44.53020858800005], [23.28517913900015, 44.51651001100004], [23.28098678500004, 44.501808167000036], [23.201465606000113, 44.46831894000019], [23.19792366000013, 44.45279693599997], [23.22467041100009, 44.43950271500006], [23.206743241000083, 44.43658447300015], [23.19926643300016, 44.413654327000074], [23.24995613100009, 44.38502502500006], [23.21893692000009, 44.38684463500016], [23.220157624000024, 44.37514877400008], [23.19052886900016, 44.36775970600013], [23.177789689000065, 44.324836732000165], [23.132280349000098, 44.31620407200012], [23.10982513400012, 44.26288986200012], [23.09556388900012, 44.26279068000008], [23.095664978, 44.223072053000124], [23.113651276000155, 44.2177314760001], [23.09663963400004, 44.199558259000014], [23.119386672000076, 44.18982315000005], [23.11142349200003, 44.150520326000105], [23.006752014000085, 44.15849304200003], [22.967929840000124, 44.098865508000074], [22.89571380600006, 44.11803817700002]]]}}, {"type": "Feature", "properties": {"name": "RO.29_1_AC", "x": 24.5262, "y": 46.5309, "country": "RO"}, "geometry": {"type": "Polygon", "coordinates": [[[24.878665924000074, 46.38187408600015], [24.88660621600019, 46.36399078300008], [24.855585099000052, 46.34935760500008], [24.87971878000019, 46.325473785000156], [24.863140106000174, 46.309513091999975], [24.936433793000106, 46.26683807300003], [24.934402465000062, 46.24663162300004], [25.071107864000112, 46.245254516000045], [25.10791778600003, 46.23076629700006], [25.13660812300003, 46.18374252400014], [25.174289704000046, 46.166137696000135], [25.12740707400019, 46.14264679100006], [25.080507279000187, 46.151729584000066], [25.047525406000034, 46.13352203300019], [25.016418456000167, 46.1464805600001], [24.95948028500004, 46.112373352000134], [24.948123933000147, 46.079399109000065], [24.86456871000007, 46.11120224000007], [24.806482316000086, 46.092792512000074], [24.778348923000124, 46.10210418800011], [24.77120399500012, 46.087108613000055], [24.713840485000105, 46.07736206100009], [24.67422866800007, 46.103832245000035], [24.68565559400014, 46.196460725], [24.652126313000167, 46.232257843000184], [24.670875549000186, 46.22870254600008], [24.668712615000118, 46.28099060100004], [24.634166717000085, 46.27082061700003], [24.62494468699998, 46.25167083700006], [24.57173728900011, 46.27489471500013], [24.56429481500004, 46.25796890200007], [24.499162675000093, 46.24291229200003], [24.490245820000098, 46.25915908800016], [24.421560288000137, 46.26560974000006], [24.380472183000165, 46.24393844700012], [24.313800812000125, 46.252460479000035], [24.289485932000048, 46.284339905000195], [24.256843568000136, 46.250495912000076], [24.195703506000086, 46.28324890200008], [24.170545579000134, 46.269123077000074], [24.14649772700011, 46.29938888600003], [24.14461135900018, 46.332015992000095], [24.05963516200012, 46.339523316000054], [24.02145958, 46.36074829100005], [24.029354095000144, 46.37309265200008], [23.998874664000084, 46.370864868000126], [23.991376876000174, 46.38155746600006], [24.037124634000122, 46.4074668880001], [24.03724670500003, 46.43365860000006], [24.018629075000035, 46.43414688000013], [24.04108810500003, 46.45780181900005], [24.02152252100018, 46.45739364700006], [23.99792671200015, 46.427204132000156], [23.98686218200004, 46.43121719300012], [24.006311416000074, 46.44247818100018], [23.972314835000134, 46.46010208100017], [23.965806960000123, 46.49884033200004], [23.97661018400015, 46.504905701000155], [23.960630417, 46.51563262900004], [23.98852539000012, 46.54255294800015], [24.020978928000034, 46.53157425], [24.046964645000116, 46.54534912100013], [24.03906440800006, 46.55757141100014], [24.054182053000034, 46.562103271000126], [24.070655823000095, 46.60631179800015], [24.02227592400004, 46.62834930500003], [24.035263062000126, 46.64523696900005], [24.10400581300007, 46.66197204600013], [24.12595939700003, 46.70038986100013], [24.068105698000068, 46.733734131000176], [24.08948707600007, 46.75386047400019], [24.12772178700004, 46.74674606300016], [24.12004852299998, 46.77467727700014], [24.183038712000098, 46.788085938000165], [24.181198120000033, 46.80500030600007], [24.302608490000125, 46.75352859600008], [24.385240554000063, 46.74752807700003], [24.417078019000087, 46.77424240200014], [24.453571319000105, 46.76605606100003], [24.47367096000005, 46.78308486900016], [24.451059341000075, 46.78937912100014], [24.460260392000123, 46.82042312600004], [24.52891349700019, 46.85464859000018], [24.539384842000175, 46.86780548100012], [24.524576186000047, 46.89924240200003], [24.58590507500014, 46.91558456500013], [24.596008301000154, 46.945728302000134], [24.626134871999966, 46.95473098700012], [24.660305023999967, 46.910217286000034], [24.755897523000044, 46.909996033000084], [24.723409653000147, 46.93267440800008], [24.74259758000011, 46.953361510000036], [24.74382019, 46.98503494200003], [24.79627990800003, 47.05143737800012], [24.871404648000066, 47.10522079400005], [24.931732178, 47.09564590500014], [24.953546525000093, 47.11929702800012], [25.014877319000107, 47.11163330200003], [25.064769744000046, 47.136783600000115], [25.145656587000133, 47.11348724400011], [25.182506561000025, 47.12881851200012], [25.2483158120001, 47.09819030699998], [25.232719422000173, 47.061801911000146], [25.290506362000087, 46.993324280000024], [25.263822556000093, 46.91280365000017], [25.27865600600012, 46.897262574000194], [25.253139496000074, 46.841228486000034], [25.28516578700004, 46.83500671400003], [25.287206650000087, 46.79758834800003], [25.318565369000055, 46.78048706200008], [25.290826797000022, 46.75252532900015], [25.262912751000044, 46.75032806400014], [25.260631562000185, 46.727844238000046], [25.29651260300011, 46.68845748900014], [25.282550812000125, 46.67233657900016], [25.238466263000078, 46.66970062300004], [25.240560532000075, 46.65039444100012], [25.224277496000184, 46.639427185000045], [25.233936311000036, 46.634311677000085], [25.219978332000096, 46.619560241000045], [25.196214676000125, 46.62781524800016], [25.152729034000117, 46.57751464800009], [25.1058387760001, 46.58253860400015], [25.02396202200009, 46.54139328100007], [24.984817505000024, 46.49583816600011], [25.01073837200005, 46.49529266300004], [25.024021149000134, 46.470405579000044], [24.990514755000163, 46.46576309200003], [24.982448579000106, 46.44432067900004], [24.948497773000156, 46.443569184000125], [24.93749427800003, 46.42136764600008], [24.980823518000022, 46.38492202800006], [24.878665924000074, 46.38187408600015]]]}}, {"type": "Feature", "properties": {"name": "RO.2_1_AC", "x": 21.3517, "y": 46.1892, "country": "RO"}, "geometry": {"type": "Polygon", "coordinates": [[[21.643489838000164, 45.97423172100014], [21.52576446600017, 46.0104980480001], [21.53817176800004, 46.0331993100001], [21.517412185000012, 46.06816864100006], [21.499317169000108, 46.069282533000035], [21.450944900000025, 46.04624938900014], [21.43695449800009, 46.05973434500015], [21.45114135700004, 46.02971267600009], [21.39253234800003, 46.009052276000034], [21.367849349000153, 45.98253250100004], [21.349634171000048, 45.98365783800017], [21.360963821000098, 45.995395661000146], [21.33547973700007, 46.00920868000003], [21.28616332900009, 46.02045822200017], [21.23929023700009, 45.98754501300016], [21.24376106200009, 45.971740722], [21.173036575000083, 45.9995079040001], [21.111743928000124, 45.97740173300008], [21.076141356999983, 46.012458802000026], [21.070604325000147, 46.039897919000055], [20.942388535000134, 46.03759765600006], [20.91921997100019, 46.07461166500008], [20.83342361400014, 46.09132385300012], [20.771080017000088, 46.145275116], [20.729217528000163, 46.14524078500011], [20.706968308000114, 46.16185760600018], [20.734933854000076, 46.192199707999976], [20.72896194400016, 46.20775222900011], [20.763448715000152, 46.20478057999998], [20.750436783, 46.25096130400004], [20.777187348000098, 46.27624511800002], [20.875003815000127, 46.28775405800019], [20.923820494999973, 46.26209640500008], [20.92666626000016, 46.27653503500011], [20.94827270500008, 46.279495239000084], [20.954093932999967, 46.26517486500006], [21.02655601400005, 46.266826630000025], [21.038267135000126, 46.24821853800012], [21.06760406500007, 46.24308777000016], [21.104757308000103, 46.26292419400011], [21.117134093000175, 46.30196380600012], [21.182144165000125, 46.30443954500004], [21.177761077000184, 46.335891724000135], [21.20106124900019, 46.34823608400012], [21.20789337100007, 46.40356063900009], [21.29788017300018, 46.40702056900005], [21.31906700100012, 46.45098495400015], [21.26199340900007, 46.50227356000005], [21.275775910000107, 46.54106521600016], [21.322326661000147, 46.583114623000085], [21.302768706999984, 46.59109497000003], [21.31571769599998, 46.617881775000114], [21.367210389000036, 46.63819885200007], [21.411638261000178, 46.62222671600017], [21.418027878000146, 46.64283370900017], [21.458179474000133, 46.66774749700005], [21.540510177000158, 46.62985611100004], [21.549970626000174, 46.60099792600016], [21.56885337800003, 46.60060501100003], [21.573783874000128, 46.650074006000125], [21.621847154000022, 46.64570617600003], [21.648828506000143, 46.66511535600017], [21.797927857000104, 46.65490341200007], [21.870893479000188, 46.681247712000186], [21.912130356000034, 46.66345214800003], [21.882787704000123, 46.63141250600012], [21.953887940000072, 46.617645264000146], [22.002117158000146, 46.62490844700011], [22.027431489000094, 46.654693605000034], [22.046232223000118, 46.637477876000105], [22.08969688400009, 46.63427353000003], [22.090539932000183, 46.61829376200018], [22.11778640800003, 46.60312652600004], [22.172506332000182, 46.60268402000003], [22.16642570500005, 46.570953369000165], [22.199600219000047, 46.514232636000145], [22.218706132000023, 46.52181625300011], [22.274349212000175, 46.50115966800007], [22.326770783000143, 46.51482772800017], [22.324531556000068, 46.483474732], [22.346052170000064, 46.44803237900015], [22.42929840000005, 46.39220810000006], [22.637899398000172, 46.390201569], [22.678171157000065, 46.40614318799999], [22.70121383700007, 46.365909577000025], [22.75030899000012, 46.35152435400005], [22.679740906, 46.321884155000134], [22.682010650000052, 46.29840850900018], [22.656068802000163, 46.25659179800016], [22.663446427000167, 46.240238189000195], [22.64760017500015, 46.22875976600005], [22.519624710000187, 46.224605561000146], [22.496641159000035, 46.24361419700011], [22.43950271600005, 46.209899902000075], [22.469005586000094, 46.146896362000064], [22.406753539000135, 46.09577941900005], [22.430589676000125, 46.07875061100009], [22.438674927000022, 46.01146698100007], [22.33774566700015, 45.99397277900016], [22.353918076000184, 45.97301864700012], [22.312496185000157, 45.96618652400019], [22.30364418000005, 45.932201387000134], [22.261251451000135, 45.93458175600017], [22.245365144000118, 45.90299987800006], [22.174934386000132, 45.92862701400003], [22.136940003000177, 45.923015594000105], [22.04144287100013, 45.96873474100005], [21.999916077000023, 45.968166352000026], [21.96850013800008, 45.994598388000156], [21.927095413000018, 45.98508834800003], [21.895093918000157, 45.952945709000176], [21.85321426300004, 45.94737625100015], [21.821376801000156, 45.96827316200017], [21.820106506000116, 45.949825288], [21.803045272000134, 45.94433593800005], [21.80624961900014, 45.92189788900009], [21.770967484000096, 45.91736602900011], [21.777139663000128, 45.94841766400009], [21.735254288000135, 45.98947525099999], [21.69409942700014, 45.9167823790001], [21.669301987000097, 45.90660858200005], [21.66319465600003, 45.935688018], [21.631698608000136, 45.94330978500017], [21.643489838000164, 45.97423172100014]]]}}, {"type": "Feature", "properties": {"name": "RO.30_1_AC", "x": 26.1854, "y": 46.923, "country": "RO"}, "geometry": {"type": "Polygon", "coordinates": [[[26.57182502800015, 46.67882537800017], [26.516229629000122, 46.694927215000064], [26.47406005800002, 46.67685699599997], [26.437509537000153, 46.688079834000064], [26.39142608500015, 46.65065765300005], [26.332389831000114, 46.66432571400003], [26.302597045000084, 46.653755188000105], [26.267271042000118, 46.70343780600018], [26.21993827900019, 46.68038177600016], [26.217941283000187, 46.65673065300018], [26.160680770000056, 46.64195251500007], [26.141647338000155, 46.66101074300008], [26.102319718000103, 46.64718246500007], [26.082878112000117, 46.65646743800016], [26.073246003000122, 46.70816040000011], [26.054407120000064, 46.71706009000019], [25.979501725000148, 46.68894958499999], [25.893358231000093, 46.69902801500007], [25.885587692000115, 46.688617707000105], [25.910591126000156, 46.65614700300017], [25.888896942000144, 46.64858627400014], [25.795635224000137, 46.705963135000104], [25.788465501000132, 46.723827362], [25.81856918400001, 46.75103378400007], [25.807758332000105, 46.79713440000012], [25.83915519600015, 46.81675338900004], [25.804819107000185, 46.82572937000015], [25.790792465000095, 46.85002517800007], [25.768211364000024, 46.838226318000125], [25.78290367000011, 46.86287689300019], [25.765842438000107, 46.88508224600008], [25.804084778000117, 46.92766189600013], [25.863660812000035, 46.92379379200014], [25.82830238300005, 46.97427749600007], [25.802946092000184, 46.96721267700008], [25.740243911000164, 47.07057190000006], [25.66063118000011, 47.09467315700016], [25.66659736500003, 47.11919021600016], [25.699455262000072, 47.14317321700008], [25.70164489800004, 47.171218872000054], [25.721899032000067, 47.174846649000074], [25.73058891400018, 47.217323304], [25.814432145000126, 47.2596206660001], [25.765951156000085, 47.31770706300017], [25.83702278100003, 47.312110901000096], [25.92519950800005, 47.25942230200002], [25.93405723600017, 47.27709198000008], [25.978965760000165, 47.28876113900009], [26.057928085000185, 47.274791717000085], [26.187416076000034, 47.30750656200007], [26.26893615800003, 47.28222656300011], [26.40711784300015, 47.340583802000026], [26.615272522, 47.19157791100014], [26.601776122000103, 47.154876708000074], [26.62396430900003, 47.132606507000105], [26.616216659000088, 47.10974884100017], [26.637899400000094, 47.0926933290001], [26.684349059000112, 47.11272049000007], [26.727003098000125, 47.08538436900005], [26.761041640000087, 47.098152160000154], [26.81349945100004, 47.06755065900006], [26.821720123000034, 47.042072297000175], [26.879701615000045, 47.05784988400006], [26.87777328499999, 47.041667938000046], [26.904123307000077, 47.02824783400001], [26.963296890000038, 47.04598999100011], [26.976724624000155, 47.078163148000044], [27.02398490900009, 47.033824921000075], [27.06198692200013, 47.08514022800017], [27.09917831500013, 47.09219360300017], [27.157638549000126, 47.08289718700013], [27.184581757000046, 47.06176757800006], [27.18750953700004, 47.03063201900005], [27.24193954500015, 47.01226043800011], [27.227796554000122, 46.97592926000016], [27.181959152000047, 46.98908615200003], [27.123640061000117, 46.95087814400006], [27.196945191, 46.903587341000105], [27.204055787000186, 46.882877350000115], [27.189907074000075, 46.87171936000004], [27.220951081000123, 46.848896027000194], [27.208927155000026, 46.840156556000125], [27.228689194000083, 46.821208955000145], [27.213993073000154, 46.80038452200006], [27.230848312000035, 46.77035522500012], [27.164739609000037, 46.749664307000046], [27.16210174600019, 46.73459243900015], [27.143886565, 46.74141693100012], [27.146730423000122, 46.75447082500017], [27.11688614000019, 46.74890518199999], [27.10002136200012, 46.76979065000006], [27.062997817000053, 46.756347656000116], [27.045902253000065, 46.7743339540001], [26.94098854000009, 46.752155304000155], [26.937602996000066, 46.78507614199998], [26.924224853999988, 46.775360107000154], [26.894546509000122, 46.79853058000015], [26.915721893000182, 46.82078933800011], [26.887098311999978, 46.82884216300005], [26.85109138500019, 46.804924012000185], [26.851152420000176, 46.78022384700006], [26.82309341500013, 46.773403168000186], [26.84344673200013, 46.75159835800008], [26.793123246000107, 46.719036102000075], [26.752950668000153, 46.73815536600017], [26.756347655000127, 46.756534577000025], [26.732814790000134, 46.74946975800003], [26.744518281000126, 46.76852417100014], [26.677537917000166, 46.76794433700013], [26.677572251000186, 46.73625183200005], [26.610885619000044, 46.71365738000003], [26.57182502800015, 46.67882537800017]]]}}, {"type": "Feature", "properties": {"name": "RO.31_1_AC", "x": 24.3509, "y": 44.4366, "country": "RO"}, "geometry": {"type": "Polygon", "coordinates": [[[24.404132842000024, 43.73385620200014], [24.350111008000113, 43.69768142700008], [24.186368943000048, 43.68262863100006], [24.11399078400018, 43.69992828400012], [24.13056373500018, 43.775009155000134], [24.157058717000155, 43.814266205000024], [24.193664550000165, 43.8108406070001], [24.200824738000165, 43.858394623000095], [24.228210449000073, 43.85184478800005], [24.249765396000157, 43.93062210200014], [24.22503662200012, 43.94157791300006], [24.261507034000033, 43.97423172000009], [24.26614761400009, 43.999000549000186], [24.175462722000134, 44.00656128000003], [24.190982819000055, 44.06929016200007], [24.201826095000172, 44.09163284400006], [24.27277374199997, 44.08953476100015], [24.272411347000116, 44.108505250000064], [24.213958741000056, 44.110363007000046], [24.236091613000042, 44.17140197700007], [24.20157241800007, 44.16913986100013], [24.23108482300006, 44.21501922600004], [24.20775985800003, 44.23586273300009], [24.170907974000045, 44.235271454999975], [24.17536926200006, 44.251728059000015], [24.113403321000135, 44.26710891700009], [24.11019325300009, 44.30100250300012], [24.092781067000033, 44.299659730000144], [24.052322387000174, 44.34044265800014], [24.03020858800005, 44.385246278000125], [23.959642411000175, 44.38199234000018], [23.970003129000133, 44.41071319600019], [23.902631760000133, 44.42538070600017], [23.89212799, 44.41299057000015], [23.883756638000136, 44.433334350999985], [23.89919090300009, 44.45784378000013], [23.85064888100004, 44.467239380000194], [23.905639648000147, 44.49932098300013], [23.886816026000133, 44.51227951000004], [23.94090080300009, 44.535518647], [24.0275726320001, 44.53039932200005], [24.029338837000125, 44.517761230000076], [24.04303359900007, 44.522895813000105], [24.0382785810001, 44.50539398300009], [24.054292679000127, 44.51121139500003], [24.057434081000167, 44.495220184], [24.082057953000117, 44.49126052800017], [24.08825302000008, 44.51464080900007], [24.11761665400013, 44.524627686000144], [24.142829895000034, 44.55789566100003], [24.260454177000042, 44.54937362600003], [24.2660446160001, 44.60229492100012], [24.282535554000162, 44.602352143000076], [24.289367677000143, 44.56660080100016], [24.32644844000015, 44.561180115000184], [24.326257705000103, 44.61320877000014], [24.281276703000174, 44.70797729600014], [24.276142120000145, 44.769138337000186], [24.328298569000026, 44.79027939000014], [24.317426682000132, 44.78788375800019], [24.320365907000053, 44.816429138], [24.333314896000047, 44.81755447300014], [24.320224763000112, 44.83977127100019], [24.343488693000097, 44.85378265300005], [24.334501267000064, 44.86992645200007], [24.369594574000132, 44.871971130000134], [24.390588760000128, 44.90181350600017], [24.42550087100011, 44.89049911600017], [24.41800880500017, 44.85580063000015], [24.43966674700016, 44.845684051000035], [24.423044206000156, 44.82738113400006], [24.446868897000115, 44.81107330400005], [24.495861053000112, 44.830162049000194], [24.524309158000165, 44.89453506500007], [24.542266845000142, 44.89134597800006], [24.558019638000133, 44.831443786000136], [24.59016227700016, 44.79790878200009], [24.591453552000132, 44.75014877400008], [24.608474732, 44.75412368800016], [24.631181717, 44.729076387000134], [24.684913634000054, 44.7380867010001], [24.726421357000106, 44.72160339400011], [24.687463761000117, 44.70000076200006], [24.71821403500013, 44.6264228820001], [24.712066651000043, 44.58260726900005], [24.73674964800017, 44.55842590300017], [24.726718903, 44.54351043700012], [24.74411010800003, 44.538146973000096], [24.730684281000038, 44.51411056600017], [24.735530854000046, 44.46551513700007], [24.760622024000043, 44.46487808200004], [24.745992661000116, 44.39598083600015], [24.882297516, 44.394496919000176], [24.888067246000105, 44.38031005900018], [24.883890153000095, 44.368572236000034], [24.81850433400018, 44.36149597200006], [24.848892211000134, 44.319557190000126], [24.82275390600006, 44.290519714000084], [24.81955719100017, 44.23366165200014], [24.838706971000136, 44.22660827700014], [24.794776917000092, 44.19159317100019], [24.860910416000024, 44.094135284000174], [24.71243667600004, 44.059432983000136], [24.72163581799998, 44.03839874200014], [24.614624023000147, 44.01438903700017], [24.61091804500012, 43.97413635300012], [24.592733382000176, 43.96184921300011], [24.63374137900007, 43.96179580800003], [24.649097443000187, 43.94033432000009], [24.624784469000076, 43.925979614000084], [24.676498413, 43.89853286800019], [24.668815613000106, 43.86830139200009], [24.69584655700004, 43.87026596100003], [24.7251739510001, 43.836040497000056], [24.68908882200003, 43.82310867400008], [24.759592056000088, 43.81780243000014], [24.73802948100007, 43.80850219700005], [24.749210357000038, 43.792564393000134], [24.695878983000057, 43.782188416000054], [24.688228607000156, 43.76005172700013], [24.657903671000156, 43.755046845000095], [24.658576965000066, 43.72395706300006], [24.514421463000133, 43.76517105100004], [24.404132842000024, 43.73385620200014]]]}}, {"type": "Feature", "properties": {"name": "RO.32_1_AC", "x": 26.0348, "y": 44.927, "country": "RO"}, "geometry": {"type": "Polygon", "coordinates": [[[25.936800004000077, 44.6928062450001], [25.909769058000165, 44.73434448400019], [25.942296982000187, 44.75678253299998], [25.876220703000172, 44.83134078900002], [25.833103179999966, 44.82539749299997], [25.84334945800009, 44.810256958000025], [25.778350830000193, 44.82526779199998], [25.77793502800006, 44.84247207600009], [25.81526756200003, 44.8748703010001], [25.82227516200004, 44.91376495400016], [25.789133072000027, 44.95313644400011], [25.689481735000072, 44.94765853900009], [25.677064896000047, 45.00986862200011], [25.70288658100003, 45.04563140800008], [25.676698684000144, 45.081081391], [25.606534958000054, 45.12464904800015], [25.559177399000077, 45.192989350000175], [25.53273582500003, 45.19097518900003], [25.53579330400015, 45.21605682400008], [25.513887405000162, 45.22326278700007], [25.55594635000017, 45.27062606800018], [25.52366256700003, 45.30894851700009], [25.474277496000127, 45.328311921000136], [25.485807419000082, 45.39543914700016], [25.45363426100016, 45.43882370000006], [25.46228408900015, 45.454288482000095], [25.5153656010001, 45.47002792500007], [25.600727081000116, 45.46273040800014], [25.631427765000126, 45.49636840900007], [25.68255424500012, 45.500869750000106], [25.72782707200014, 45.46567916900011], [25.767469407000192, 45.46584320100004], [25.78748703000008, 45.48450470100005], [25.820629120000092, 45.45590972800011], [25.825141907000045, 45.43169403100018], [25.866964339000106, 45.42195129400005], [25.89122581400011, 45.44701004100017], [25.892480850000027, 45.488651275000166], [25.92347335700009, 45.52239227300015], [25.971637726999973, 45.506431580000026], [25.9972858430001, 45.51381301900017], [26.044187546000046, 45.477626801000156], [26.06704330500014, 45.48557663100013], [26.073736191000023, 45.50663375800008], [26.150518417000058, 45.457431794000115], [26.144891738000183, 45.41112136900006], [26.169649125000035, 45.39574050900006], [26.161712646000183, 45.363269807000165], [26.23446082999999, 45.316047669000056], [26.18681335499997, 45.27906799400006], [26.224952697000163, 45.27400970500008], [26.25126838700004, 45.199470519000045], [26.35843086200009, 45.21446228100001], [26.35383415100017, 45.16569900400009], [26.378030777000106, 45.158733368000185], [26.46177291900011, 45.19833374100011], [26.470962525000175, 45.13870239200014], [26.451362609000114, 45.12652969400017], [26.45766639700014, 45.0819625850001], [26.445051193000154, 45.07548141400002], [26.470277785000178, 45.06362915100004], [26.493549347999988, 45.00563430900013], [26.531076432000134, 45.01516723600014], [26.60147476300017, 44.95605850300018], [26.532135009000058, 44.937320710000165], [26.53765487700008, 44.91061019900013], [26.55514717200009, 44.915489197000056], [26.6114940650001, 44.859363557000165], [26.52683067300012, 44.82717895600001], [26.495157241000072, 44.7911796570001], [26.454225540000095, 44.81127929700017], [26.376367569000138, 44.761501312000064], [26.357736587000147, 44.769439697999985], [26.36303901700012, 44.78149414100005], [26.323492050000084, 44.79130554300008], [26.302825928000118, 44.766990661000136], [26.2750930790001, 44.76920700000011], [26.249305725, 44.73819351200018], [26.184986114000083, 44.75798034600007], [26.12428283700018, 44.75187301700004], [26.103197099000113, 44.76722335900001], [26.090280534000158, 44.7605323790001], [26.102674484000147, 44.73703384500004], [26.074048996000045, 44.75119781600006], [26.051153183000054, 44.734840394], [25.97151184100005, 44.73804855500015], [25.967706680000106, 44.74950027400007], [25.961542129000122, 44.73821258500004], [25.974718094000025, 44.72862625100004], [25.939857483000026, 44.701042176000044], [25.959541320000028, 44.69598770100009], [25.936800004000077, 44.6928062450001]]]}}, {"type": "Feature", "properties": {"name": "RO.33_1_AC", "x": 23.3274, "y": 47.2364, "country": "RO"}, "geometry": {"type": "Polygon", "coordinates": [[[23.085216521000177, 46.8672218320001], [23.093864441000164, 46.89059066900012], [23.066709519000085, 46.90477752600009], [23.03766441300013, 46.882118225000056], [23.03506088300003, 46.901782991000175], [23.013376235000123, 46.888103485000045], [23.00824928200018, 46.90780258300015], [22.932878495000125, 46.91898727400019], [22.89846038800016, 46.94396209700011], [22.900608063000107, 46.96978378200009], [22.87266349800018, 46.98019027700019], [22.880596160000152, 46.989173889000085], [22.83654403600019, 46.995491027000185], [22.79650879000019, 46.97752380500003], [22.710313796000094, 47.01152038600014], [22.687486649000107, 47.05170822100007], [22.594350814999984, 47.06389618000014], [22.516304017000152, 47.10952758800005], [22.56824684100019, 47.1220283510001], [22.533336640000186, 47.1695213320001], [22.509849547999977, 47.166042329000106], [22.495164872000032, 47.18648147600004], [22.529497146000097, 47.22023010300012], [22.518592835000163, 47.23265457200006], [22.56769752500003, 47.251899719000164], [22.54781722900003, 47.271522522000055], [22.554777145, 47.30305480900006], [22.582172394000168, 47.30160522400007], [22.588603973000033, 47.326934815000016], [22.636604309, 47.335803986000144], [22.6470699300001, 47.37452697800006], [22.772577286, 47.42135238700013], [22.812473298000043, 47.400238038000055], [22.84938812300004, 47.42245483400012], [22.917772292000166, 47.41387176500007], [22.961368560000096, 47.358890533000135], [22.9782581340001, 47.35233688300019], [23.007604599000047, 47.3690719600001], [23.05585098300014, 47.35081100500008], [23.122133256000097, 47.39592361600012], [23.104921342000125, 47.441936492000195], [23.16202545300007, 47.438339233000136], [23.185201644000188, 47.45933914200015], [23.222576140000115, 47.433391572000176], [23.36150360000005, 47.41819000200019], [23.379348754000034, 47.388416291000055], [23.483222961000024, 47.37802505500008], [23.505361556000082, 47.36322784400011], [23.580654144000107, 47.36251449500014], [23.617036819000134, 47.37628936800007], [23.618448258000114, 47.39213180600012], [23.646978378000142, 47.3932456980001], [23.68204498300014, 47.35546493500004], [23.713970184000118, 47.352497101000154], [23.702753066000128, 47.34143448000009], [23.72967147800017, 47.3212509170001], [23.84300041300014, 47.340297699000075], [23.800470352000048, 47.28173446700009], [23.81608009400003, 47.251552583000034], [23.76356887800017, 47.2837257380001], [23.754169465000075, 47.24225998000003], [23.722146987000144, 47.25511169500015], [23.654502868000066, 47.23490905800003], [23.61743736300008, 47.1701469410001], [23.564264297000022, 47.17925644000019], [23.54610824600013, 47.15888977100019], [23.49960899399997, 47.15498733600015], [23.493021011000167, 47.12980651800018], [23.505512238000108, 47.117500304000146], [23.489011765000043, 47.11941909900003], [23.48676109200011, 47.09123611600006], [23.429147720000174, 47.08989334100005], [23.487859726000067, 47.03028869700006], [23.460445403999984, 46.99856185900006], [23.400051117000146, 46.99382019100011], [23.413093568000022, 46.98221206700015], [23.38660240100006, 46.977619172000175], [23.37254524300016, 46.96067047000008], [23.384878158000163, 46.94953537100008], [23.346126557000048, 46.925106049000135], [23.352870941000162, 46.91506576600011], [23.28476905700012, 46.89775848500011], [23.260509490000118, 46.91445922999998], [23.260347365000086, 46.93528366100003], [23.229913712000098, 46.963974], [23.21780014100011, 46.93972015400004], [23.23118591399998, 46.93505096500013], [23.20416068999998, 46.92288971000016], [23.22412109300012, 46.892803192000144], [23.20025443900016, 46.86974334700005], [23.177772521000065, 46.87975311300016], [23.17199516300002, 46.88050460900013], [23.16397285400018, 46.87943267800017], [23.17688369700005, 46.875366211000085], [23.10661125100006, 46.85365295500014], [23.085216521000177, 46.8672218320001]]]}}, {"type": "Feature", "properties": {"name": "RO.34_1_AC", "x": 23.2231, "y": 47.706, "country": "RO"}, "geometry": {"type": "Polygon", "coordinates": [[[22.636604309, 47.335803986000144], [22.57168579000006, 47.35710525500019], [22.56754112300007, 47.39287567100013], [22.532108308000147, 47.39955902100013], [22.530973435000135, 47.41891861099998], [22.359251023000127, 47.42987060600012], [22.342735291000167, 47.49092865000017], [22.2899188990001, 47.50682068000003], [22.296903611000175, 47.519985199000075], [22.290712356000142, 47.54092788800017], [22.256620406000025, 47.540531159000125], [22.262535096000192, 47.56454086200006], [22.182458878000148, 47.600395202000186], [22.227567672000134, 47.68830108600008], [22.260614396000108, 47.698665619999986], [22.266178132000164, 47.731449128], [22.319091796000066, 47.74355697600015], [22.32585525500008, 47.7670745850001], [22.431755066000107, 47.74126434300007], [22.449590684000043, 47.80340957800007], [22.48316192700014, 47.81123733500016], [22.551166534000174, 47.772953033000135], [22.681867600000146, 47.78803253200016], [22.71443939200003, 47.835861206000175], [22.7784309380001, 47.84366607700014], [22.759830474000125, 47.89374160800014], [22.848625182000035, 47.908378602000084], [22.888849259000096, 47.951946258000135], [22.949508667000146, 47.96735000700005], [22.92176628200008, 48.00714874300019], [22.928621293000162, 48.01944732600015], [23.015258788000153, 47.99074554400016], [23.092672348, 48.00564575200008], [23.11081314100005, 48.03560638400012], [23.099733354000023, 48.04447936899999], [23.108085632999973, 48.066181184000186], [23.12495422300003, 48.077690125], [23.115610123000124, 48.08650589100006], [23.16823768600011, 48.1202964790001], [23.19081687900018, 48.098014833000036], [23.269468308000057, 48.10040664700006], [23.293828964000056, 48.07339477600016], [23.27844810600004, 48.057918549000135], [23.339138032000108, 48.03666687100019], [23.333528519000083, 48.02084350700011], [23.56619262700002, 47.943778993000194], [23.589645386000143, 47.90087509200009], [23.61335182200014, 47.89885330300007], [23.640251160000048, 47.87058639600008], [23.629053115000147, 47.85337448200005], [23.575927735000107, 47.83670425500003], [23.561996460000046, 47.80434799200009], [23.45522689700016, 47.76299667400008], [23.39194107100019, 47.78001022400002], [23.31283569200008, 47.775192261000086], [23.283010482, 47.79757690500003], [23.226423263000186, 47.76668930000011], [23.245471953000106, 47.724613190000184], [23.343742371000133, 47.7140045160001], [23.365184783000075, 47.68670272900005], [23.389202118000128, 47.6846199040001], [23.354793548000146, 47.67237472500011], [23.341600418000098, 47.64405441300005], [23.289207458000135, 47.63047409200004], [23.287918090000176, 47.58105087300004], [23.260673523000094, 47.57966613800011], [23.259040832000096, 47.55062103200015], [23.234972001000187, 47.550811769], [23.140701294000053, 47.62397384700017], [23.055032729000118, 47.55587005600012], [23.047840117000078, 47.487918854000156], [22.964876175000143, 47.486751557000105], [22.98504638700018, 47.46094512999997], [22.96584892300018, 47.439659118], [23.018516541000167, 47.43324661200006], [23.03398895300012, 47.41474914600008], [23.062589646, 47.44155120900018], [23.112461090000068, 47.44032669100011], [23.122133256000097, 47.39592361600012], [23.097606659000178, 47.390956878000054], [23.105680465000148, 47.373779298000045], [23.08876419000012, 47.363704681], [23.053220749000104, 47.35046768300009], [23.00459289600019, 47.36928939800015], [22.9782581340001, 47.35233688300019], [22.937789918000192, 47.375144959000124], [22.917772292000166, 47.41387176500007], [22.84938812300004, 47.42245483400012], [22.812473298000043, 47.400238038000055], [22.772577286, 47.42135238700013], [22.6470699300001, 47.37452697800006], [22.636604309, 47.335803986000144]]]}}, {"type": "Feature", "properties": {"name": "RO.35_1_AC", "x": 24.1951, "y": 45.7863, "country": "RO"}, "geometry": {"type": "Polygon", "coordinates": [[[23.85940551699997, 45.53532791200013], [23.666770935000045, 45.493640899000184], [23.619466781000085, 45.56038665900002], [23.626449585000046, 45.58502197299998], [23.65430069000007, 45.60161590600012], [23.633882523000068, 45.621875763], [23.64645958000017, 45.640365602000145], [23.59425735400015, 45.67398834200014], [23.612276076000114, 45.68807220500008], [23.590372085000126, 45.70262908900014], [23.624021529, 45.75079345600011], [23.66587066700015, 45.75936508300015], [23.623548507000123, 45.78361511200012], [23.618185043000096, 45.80225753800016], [23.689090728000167, 45.80294418300008], [23.70086097700016, 45.82895660400004], [23.736085893000052, 45.83102798600015], [23.728746414, 45.84836959900014], [23.77492332500003, 45.88105774000019], [23.732000351000067, 45.89749908600004], [23.734247207000124, 45.91433715800002], [23.817926408000176, 45.923530578000054], [23.85152435200007, 45.95931244000019], [23.871999741000025, 45.94945144800016], [23.847244262000174, 46.008129120000035], [23.89298438999998, 46.04502868600014], [23.981172562000154, 46.03852081400004], [24.0079536450001, 46.00070953500017], [24.028499603000114, 46.02886581400003], [24.02005958500007, 46.03918838500016], [24.033960343000047, 46.04105758800017], [24.044118882000078, 46.096813203000124], [24.05957603400003, 46.08494567900016], [24.120092392000174, 46.13479232800006], [24.214887619000137, 46.1544990540001], [24.211111070000072, 46.174507141000106], [24.18929100000014, 46.183803559000125], [24.191980361000162, 46.224243164000086], [24.253221513000028, 46.24069214000019], [24.230352401, 46.25785446200018], [24.265861510000036, 46.25372314500004], [24.285840989000178, 46.28391265800013], [24.313800812000125, 46.252460479000035], [24.380472183000165, 46.24393844700012], [24.421560288000137, 46.26560974000006], [24.490245820000098, 46.25915908800016], [24.499162675000093, 46.24291229200003], [24.56429481500004, 46.25796890200007], [24.57173728900011, 46.27489471500013], [24.62494468699998, 46.25167083700006], [24.634166717000085, 46.27082061700003], [24.668712615000118, 46.28099060100004], [24.670875549000186, 46.22870254600008], [24.652126313000167, 46.232257843000184], [24.68565559400014, 46.196460725], [24.67014312700013, 46.13820648300003], [24.67422866800007, 46.103832245000035], [24.69712448100006, 46.08334350700011], [24.887119292000023, 46.110084535000055], [24.907871247000116, 46.08634185800014], [24.966556549000074, 46.064243317000034], [24.891361236000137, 46.040084840000134], [24.867023468000127, 46.0099296570001], [24.822809219000135, 46.01038742100013], [24.8370666510001, 45.97809219500016], [24.770238877000054, 45.97588348400012], [24.750820160000103, 45.93547439500003], [24.70491218600006, 45.94060134800014], [24.71776199300018, 45.894683839000095], [24.773654938000163, 45.86812591700004], [24.776412964000087, 45.844963074000134], [24.71984481900006, 45.841243745000156], [24.71535682600006, 45.81643295200013], [24.689722062000158, 45.83672714300019], [24.640846252000074, 45.79535675000011], [24.683168412000043, 45.7098159790001], [24.671102524000048, 45.64079666200013], [24.68649101300008, 45.604408264000085], [24.67403793200009, 45.59521865900007], [24.62836647000006, 45.6041679380001], [24.56745338500008, 45.57943725700011], [24.51303291300019, 45.58709335300017], [24.4831523900001, 45.57280349800004], [24.448032379000097, 45.59115219100005], [24.335760116000188, 45.58211898800005], [24.25881004300004, 45.54338455200008], [24.228187560000038, 45.54722976700015], [24.20660018900014, 45.523876191], [24.12025261000008, 45.50906372100013], [24.023244859000044, 45.531253814000195], [23.923835753000105, 45.536281587000076], [23.87513160600008, 45.523120880000135], [23.85940551699997, 45.53532791200013]]]}}, {"type": "Feature", "properties": {"name": "RO.36_1_AC", "x": 26.2385, "y": 47.6242, "country": "RO"}, "geometry": {"type": "Polygon", "coordinates": [[[25.444572449000134, 47.15703201400004], [25.42738533100004, 47.18423080399998], [25.307312012000068, 47.165691375], [25.288881301000174, 47.133705139000085], [25.297536849000096, 47.11551284800004], [25.24102401800002, 47.09688949600013], [25.17498970100013, 47.13075256299999], [25.145656587000133, 47.11348724400011], [25.080598831000145, 47.12655639600018], [25.064769744000046, 47.136783600000115], [25.068958283000143, 47.165981293000186], [25.046134948000088, 47.21573639000019], [25.080888749000167, 47.258899690000135], [25.029636383000025, 47.286949157000095], [25.081048965000093, 47.31498336800013], [25.062206269000114, 47.35295868000003], [25.070867538000073, 47.37079620400016], [24.984642029000042, 47.42217636100008], [25.028507232000095, 47.43599319600014], [25.05993461500009, 47.41675186200007], [25.054233550000106, 47.43159103500011], [25.09199333200013, 47.4497184760001], [25.067712784000037, 47.45071792600004], [25.041568757, 47.48303222800013], [25.062858582, 47.481552124000075], [25.095176696000067, 47.51229858400012], [25.053508759000124, 47.56061554100012], [24.962457657000186, 47.597122192000086], [24.96044159000013, 47.61555862500006], [25.05799102900005, 47.648117066000054], [24.953670501000033, 47.706146240000066], [24.948724745999982, 47.72939300500019], [25.04172515900018, 47.72566986000004], [25.05544662500006, 47.746658326000045], [25.11722564700017, 47.75508880600006], [25.13571357799998, 47.78256607100002], [25.169231414000024, 47.79251098700007], [25.18179512, 47.82617569000007], [25.223596574000112, 47.85888672000016], [25.23185539299999, 47.89333724900018], [25.27126503, 47.89256286600016], [25.312507630000084, 47.91458130000012], [25.627159119000055, 47.94903182900015], [25.77625846900014, 47.93962478600014], [25.839103699000077, 47.967430114000194], [25.893495560000133, 47.96145248400012], [25.916288376000068, 47.977626801000156], [26.062509537000153, 47.98831558200004], [26.121210098000063, 47.972618104000105], [26.127429962000065, 47.933025361000034], [26.184490203000166, 47.92094040000012], [26.185123443000123, 47.89340210000012], [26.199436188000163, 47.885204316000056], [26.230026244999976, 47.900436402000025], [26.284114837000118, 47.856544495000094], [26.2954616560001, 47.863014221000185], [26.312616347000073, 47.84957885900019], [26.302295684000114, 47.83581924400005], [26.32586669800014, 47.83187103400007], [26.319875717000116, 47.815067292000094], [26.354740143000186, 47.78514480700005], [26.377193451000096, 47.773902893000184], [26.407777786000167, 47.78443527100018], [26.407833099000186, 47.754341126000156], [26.39175796600017, 47.744571686000086], [26.398452759000122, 47.733921052000085], [26.44145965500013, 47.743206024000074], [26.433891297000116, 47.72655487100019], [26.44766616800007, 47.73380661100015], [26.469242096000187, 47.71615600700005], [26.508964538000043, 47.663806916000055], [26.498270034000143, 47.65898513800005], [26.5472297660001, 47.6435890190001], [26.536539078000033, 47.63860702500017], [26.55358886700003, 47.60968399000012], [26.543466567000053, 47.58258056700009], [26.559614181000143, 47.579395293000175], [26.579576492000058, 47.535583495000026], [26.60549736100006, 47.532974243000126], [26.606378555000163, 47.52078247100013], [26.552183151000065, 47.512264252000136], [26.590665817, 47.490848541], [26.593526840000038, 47.45940017800007], [26.702577591000193, 47.471866607000095], [26.683097840000073, 47.46175766100015], [26.68198776300011, 47.44001388700019], [26.704853057000037, 47.40904235800008], [26.645751953000115, 47.39920043900008], [26.68057632500006, 47.37563324000013], [26.66247177100007, 47.36981201200007], [26.685640334000084, 47.36610412600004], [26.675096513000142, 47.35882187000004], [26.610939026000096, 47.35562515300012], [26.529052734000174, 47.40487289500015], [26.494863510000016, 47.39255523800017], [26.51247406000016, 47.33554840200014], [26.57607269300013, 47.30679702700007], [26.509395598000026, 47.27194213900003], [26.40711784300015, 47.340583802000026], [26.26893615800003, 47.28222656300011], [26.187416076000034, 47.30750656200007], [26.057928085000185, 47.274791717000085], [25.978965760000165, 47.28876113900009], [25.93405723600017, 47.27709198000008], [25.92519950800005, 47.25942230200002], [25.83702278100003, 47.312110901000096], [25.774917603000063, 47.321258545000035], [25.814432145000126, 47.2596206660001], [25.73058891400018, 47.217323304], [25.721899032000067, 47.174846649000074], [25.70164489800004, 47.171218872000054], [25.699455262000072, 47.14317321700008], [25.66659736500003, 47.11919021600016], [25.654762268000184, 47.0872344980001], [25.53722572300012, 47.083717346000014], [25.526468277000163, 47.11554718000019], [25.444572449000134, 47.15703201400004]]]}}, {"type": "Feature", "properties": {"name": "RO.37_1_AC", "x": 24.9026, "y": 43.7523, "country": "RO"}, "geometry": {"type": "Polygon", "coordinates": [[[25.564825059000157, 43.64516449000007], [25.384792328000117, 43.61981201200007], [25.24810218800019, 43.6846580510001], [25.16875648399997, 43.700065613], [25.112754822, 43.68418121400015], [25.059823990000098, 43.69137954600012], [25.000005722000026, 43.727603913], [24.94901656999997, 43.729606628000056], [24.880558014000144, 43.707138062000126], [24.817268371000182, 43.71266174300001], [24.735860824000156, 43.68540954600019], [24.658576965000066, 43.72395706300006], [24.657903671000156, 43.755046845000095], [24.688228607000156, 43.76005172700013], [24.695878983000057, 43.782188416000054], [24.749210357000038, 43.792564393000134], [24.73802948100007, 43.80850219700005], [24.759592056000088, 43.81780243000014], [24.690967560000047, 43.82134628400007], [24.7251739510001, 43.836040497000056], [24.69584655700004, 43.87026596100003], [24.668815613000106, 43.86830139200009], [24.676498413, 43.89853286800019], [24.624784469000076, 43.925979614000084], [24.649097443000187, 43.94033432000009], [24.63374137900007, 43.96179580800003], [24.592733382000176, 43.96184921300011], [24.61091804500012, 43.97413635300012], [24.614624023000147, 44.01438903700017], [24.72163581799998, 44.03839874200014], [24.71243667600004, 44.059432983000136], [24.860910416000024, 44.094135284000174], [24.794776917000092, 44.19159317100019], [24.838706971000136, 44.22660827700014], [24.81955719100017, 44.23366165200014], [24.82275390600006, 44.290519714000084], [24.848892211000134, 44.319557190000126], [24.81850433400018, 44.36149597200006], [24.883890153000095, 44.368572236000034], [24.885545731000093, 44.38294983000003], [24.962646484000118, 44.37715148900014], [25.01202774000012, 44.411128998000095], [25.06664276200013, 44.397609712000076], [25.20466423000005, 44.45659256100009], [25.25206375100015, 44.40370178300009], [25.304889679000098, 44.42439651500018], [25.342782974000045, 44.46495056200018], [25.357273103000182, 44.45974731400008], [25.396499634000122, 44.51842880300018], [25.45198059100011, 44.492340088000105], [25.42994880600014, 44.47397232000003], [25.485824584, 44.45098114100011], [25.426950455000167, 44.396980285000154], [25.459369660000107, 44.37546539400017], [25.485963821000098, 44.37765884500004], [25.469341277000183, 44.32569122400014], [25.572628022000174, 44.30853653000008], [25.61840438900009, 44.31768417400002], [25.63305282600004, 44.30717849700005], [25.619838714000025, 44.288688660000105], [25.652023315000122, 44.27496719300012], [25.657573700000114, 44.297306062000075], [25.671146393000186, 44.29278946000011], [25.668937683000024, 44.269382476000146], [25.701410294000027, 44.257381439000085], [25.706935883000085, 44.23907852100007], [25.686561584000117, 44.239479065000126], [25.657007218000103, 44.16910171500018], [25.704683305, 44.16078567500006], [25.67876815800014, 44.157676697000056], [25.68050766000016, 44.126949311000146], [25.711021424000137, 44.13495636000016], [25.710344315000157, 44.10287475600012], [25.687530518000187, 44.122714996000184], [25.6789913180001, 44.089744568000185], [25.65607643200019, 44.11498260600007], [25.619821548, 44.07602691800008], [25.631141664000154, 44.05286789000007], [25.60097885100015, 44.03791046200007], [25.605442047000167, 43.99099731400014], [25.5929260260001, 43.984809876000156], [25.623771668000188, 43.94180679300018], [25.586505890000183, 43.93809890700015], [25.58590698200004, 43.907035827000186], [25.616050719000043, 43.90412140000018], [25.608310699000185, 43.844837189000145], [25.630975723000176, 43.84471511900017], [25.63118171600007, 43.82076644900019], [25.661251066999966, 43.82059097300004], [25.669378281000093, 43.77348327600009], [25.65238380400001, 43.74998474200004], [25.664243698000064, 43.71918869000018], [25.68972778400007, 43.72602081400004], [25.673507691000168, 43.71181488100012], [25.682821273000172, 43.69821167100008], [25.642747880000172, 43.67686080900012], [25.564825059000157, 43.64516449000007]]]}}, {"type": "Feature", "properties": {"name": "RO.38_1_AC", "x": 21.2354, "y": 45.756, "country": "RO"}, "geometry": {"type": "Polygon", "coordinates": [[[21.528478623000126, 45.32914352500006], [21.535223007000013, 45.31325149600008], [21.567918777000102, 45.31355285700005], [21.572557449000044, 45.2920417790001], [21.522886276000065, 45.24511337300004], [21.52820015000009, 45.232070922000105], [21.50625228900003, 45.2176857], [21.51694297800003, 45.20220184400017], [21.479024886000047, 45.193897248000155], [21.405082704, 45.229618072], [21.361717224000188, 45.22245407100013], [21.293754577000072, 45.24275970500014], [21.276281356000027, 45.230049134000126], [21.22055053700018, 45.25096893300008], [21.177801131000138, 45.32558441100008], [21.098068237000064, 45.29631042500017], [21.08248138400012, 45.31813049400017], [21.062841416000083, 45.316352844000164], [21.065076829000077, 45.33232116700003], [21.018211365000184, 45.32498931900005], [20.93289184500003, 45.38714981100014], [20.921831131000033, 45.41759872500006], [20.86627960100003, 45.43205642800001], [20.8824501040001, 45.44664764400011], [20.86778259400012, 45.465438842000026], [20.772674560000098, 45.480407716000116], [20.770318984000085, 45.50060272200005], [20.83406829900008, 45.53619384799998], [20.796880722000083, 45.58798217700013], [20.773561478000147, 45.58312988200004], [20.767232895000063, 45.612957], [20.806596757000136, 45.65751648000008], [20.804250717000173, 45.73815536400019], [20.824666976000174, 45.77540206900011], [20.785049439000034, 45.78623199499998], [20.775691986000027, 45.754852294000045], [20.702251435000164, 45.750846864000096], [20.68290329000007, 45.797649384000124], [20.664270400000078, 45.794445039000095], [20.652193069000077, 45.81211853000019], [20.661998749000134, 45.829490662000126], [20.58311653200019, 45.86969757100002], [20.570934296000132, 45.91050338800011], [20.517383575000167, 45.892421723000155], [20.484527587000173, 45.95375442500011], [20.44889068500015, 45.9705696100001], [20.407001495000088, 45.96558380100015], [20.349887848000037, 46.00000381400014], [20.347450256000116, 46.04777908300002], [20.274801255000057, 46.09860611000005], [20.26626396200004, 46.10971832300015], [20.284585953000146, 46.11780166700015], [20.265878677000046, 46.12673568800011], [20.357233046999966, 46.16994857800012], [20.370061874000157, 46.15325927800018], [20.460687638000024, 46.143184661000134], [20.50311088600006, 46.19027710000006], [20.636032104000094, 46.12692260700004], [20.655355454000187, 46.149124147000066], [20.68538284400006, 46.145019532], [20.712993623000102, 46.16165161100008], [20.729217528000163, 46.14524078500011], [20.771080017000088, 46.145275116], [20.83342361400014, 46.09132385300012], [20.91921997100019, 46.07461166500008], [20.942388535000134, 46.03759765600006], [21.070604325000147, 46.039897919000055], [21.076141356999983, 46.012458802000026], [21.111743928000124, 45.97740173300008], [21.173036575000083, 45.9995079040001], [21.24376106200009, 45.971740722], [21.23929023700009, 45.98754501300016], [21.28616332900009, 46.02045822200017], [21.33547973700007, 46.00920868000003], [21.360963821000098, 45.995395661000146], [21.349634171000048, 45.98365783800017], [21.367849349000153, 45.98253250100004], [21.39253234800003, 46.009052276000034], [21.45114135700004, 46.02971267600009], [21.43695449800009, 46.05973434500015], [21.450944900000025, 46.04624938900014], [21.517412185000012, 46.06816864100006], [21.53817176800004, 46.0331993100001], [21.52576446600017, 46.0104980480001], [21.643489838000164, 45.97423172100014], [21.631698608000136, 45.94330978500017], [21.66319465600003, 45.935688018], [21.669301987000097, 45.90660858200005], [21.69409942700014, 45.9167823790001], [21.737953187000073, 45.990234376000046], [21.777139663000128, 45.94841766400009], [21.770967484000096, 45.91736602900011], [21.80624961900014, 45.92189788900009], [21.803045272000134, 45.94433593800005], [21.820106506000116, 45.949825288], [21.821376801000156, 45.96827316200017], [21.85321426300004, 45.94737625100015], [21.895093918000157, 45.952945709000176], [21.927095413000018, 45.98508834800003], [21.96850013800008, 45.994598388000156], [21.999916077000023, 45.968166352000026], [22.071660996000105, 45.959533692000036], [22.136940003000177, 45.923015594000105], [22.202407836000134, 45.92280197200017], [22.227914811000176, 45.90224838299997], [22.24995994600016, 45.905681609], [22.261251451000135, 45.93458175600017], [22.31250763000014, 45.93714141800001], [22.313171386000135, 45.96659088100017], [22.353918076000184, 45.97301864700012], [22.419857025, 45.93727111900017], [22.4088687900001, 45.905487060000155], [22.370100021000155, 45.883998871000074], [22.477264405000142, 45.838306427000134], [22.48165893600003, 45.78722381600011], [22.535881042000028, 45.801708222], [22.550334930000076, 45.78794861], [22.541175843000133, 45.76477050900007], [22.471359254000106, 45.73175811700014], [22.46994209200011, 45.69386291600006], [22.420873643000107, 45.664085388000046], [22.31675910900009, 45.65955352800006], [22.270534516000055, 45.58572006300005], [22.189117431000113, 45.61829376200018], [22.151134491000107, 45.59930801500008], [22.149436950999984, 45.61646270700015], [22.136007309000092, 45.594421386000135], [22.107805253000095, 45.59538269100017], [22.07532501300011, 45.572212220000154], [22.03825759900019, 45.58733367900015], [22.04892158600012, 45.54998016400009], [22.074241638000103, 45.565868378000175], [22.090923309, 45.54643249500009], [22.077701569000112, 45.544021607000104], [22.07937431300013, 45.53932953000009], [22.10567283600011, 45.549236299000086], [22.10937118600009, 45.53628540000011], [22.06282615700013, 45.52846908599997], [22.03570365900009, 45.50196075400015], [21.947278976000177, 45.50616836600011], [21.9317798620001, 45.540027618000124], [21.89040756300011, 45.55033874600008], [21.88156318600005, 45.53323364200003], [21.78585624700014, 45.53417205800008], [21.676279067000053, 45.58599472100019], [21.601388930000155, 45.5714149480001], [21.57600402800017, 45.5396652230001], [21.586498259999985, 45.50927734400011], [21.572824479000076, 45.49932098500011], [21.504819870000063, 45.47163772500005], [21.501716614000145, 45.488162995000096], [21.435035705000075, 45.471252442000036], [21.433536530000083, 45.455554962000065], [21.48639106700017, 45.43508911200013], [21.490278244000024, 45.41920089800004], [21.442167282000128, 45.40753173900009], [21.465623856000036, 45.358867646000135], [21.45408821, 45.35251998900014], [21.528478623000126, 45.32914352500006]]]}}, {"type": "Feature", "properties": {"name": "RO.39_1_AC", "x": 28.7809, "y": 45.1696, "country": "RO"}, "geometry": {"type": "Polygon", "coordinates": [[[28.52955436600007, 44.633075714000086], [28.4332542410001, 44.68087387100013], [28.42819976700008, 44.65608596900017], [28.449253083000144, 44.63949584900007], [28.41494369600008, 44.613025666000055], [28.403991700000176, 44.6181755070001], [28.423101425000084, 44.63240814200009], [28.396173476000058, 44.633953095000095], [28.409790039000086, 44.649173738000115], [28.388223649000167, 44.63979721100014], [28.386871338000105, 44.680709838000155], [28.366613388000133, 44.691894532000106], [28.316200256000172, 44.696289063000165], [28.328565598000125, 44.7074508660001], [28.31436157200011, 44.71179199200009], [28.275400162000153, 44.69754409900008], [28.234436035000158, 44.70910644600008], [28.25331497200017, 44.74378585900007], [28.24263763400006, 44.740955353000174], [28.24120712200005, 44.7650299070001], [28.196268081000085, 44.75453949000013], [28.183013915000174, 44.78563690200008], [28.15443992600018, 44.800754547999986], [28.075632096000106, 44.804145812000115], [28.101692200000173, 44.86184692400019], [28.143974303000164, 44.89038848800004], [28.126638413000023, 44.922428132000164], [28.152751922000164, 44.973388673000045], [28.129980087000092, 45.01388168300008], [28.153896331000055, 45.03820800800014], [28.13769531200012, 45.10293960600018], [28.177553177000107, 45.102447510000104], [28.171867370000086, 45.123474121000186], [28.19919967600009, 45.13779067900009], [28.09289932200005, 45.19050216700015], [28.132106782000108, 45.234050752000144], [28.116685867000058, 45.259052276000034], [28.07197380200006, 45.251972199000136], [27.99634742800015, 45.286994935000166], [28.04048728900017, 45.416114808000145], [28.108821869000053, 45.441505433000145], [28.188758850000056, 45.41323089600007], [28.19754600600004, 45.45213317900004], [28.25973510800003, 45.45719146800013], [28.281667710000193, 45.44423294100005], [28.286964416000046, 45.40008926500013], [28.351459503000115, 45.32015228200015], [28.56250763000014, 45.24983596900012], [28.711923599000045, 45.22423935000012], [28.793649674000108, 45.24304199300002], [28.753410339000027, 45.28479766800018], [28.802946090000148, 45.30110168400006], [28.78193473800019, 45.32345199600013], [28.795478820000085, 45.33388519300013], [28.875009537000096, 45.31643676800019], [28.94408607600019, 45.28084564200003], [28.966468812000073, 45.33228683500005], [29.170511000000147, 45.395325], [29.24406433000013, 45.43458175600006], [29.287272, 45.426647000000116], [29.323599000000172, 45.4477040000001], [29.431493757999988, 45.44289398300015], [29.546366, 45.40999200000016], [29.65720558200013, 45.33360290500008], [29.67926979100008, 45.26947403000008], [29.661247000000174, 45.248093], [29.683515407000186, 45.20605905100018], [29.639251709000064, 45.22458648600008], [29.62986183100014, 45.20569610600012], [29.645971298000177, 45.16485977200011], [29.696527482000022, 45.16458511400009], [29.62022018400006, 45.159862518000125], [29.678472519000024, 45.15236282400008], [29.689027786000167, 45.162361145000034], [29.70319366500013, 45.16485977200011], [29.7198619830001, 45.164028168000186], [29.690416336000112, 45.15375137400008], [29.653472900000168, 45.098194122999985], [29.620417, 44.88375100000013], [29.598473000000126, 44.892361], [29.596128, 44.890141], [29.617361, 44.87486300000012], [29.602917000000105, 44.839584], [29.156528, 44.776527], [29.0881940000001, 44.750694], [28.992555617000164, 44.67966461200018], [28.916055680000113, 44.696891784], [28.82595825300018, 44.632453919000056], [28.790821076000043, 44.636203765000175], [28.780019760000187, 44.65523529200004], [28.676555634000124, 44.64998245300018], [28.684534073000066, 44.669116975000065], [28.592113495000035, 44.65409851100003], [28.537214280000057, 44.663009644000056], [28.52955436600007, 44.633075714000086]]]}}, {"type": "Feature", "properties": {"name": "RO.3_1_AC", "x": 24.8963, "y": 44.7645, "country": "RO"}, "geometry": {"type": "Polygon", "coordinates": [[[25.264450073000035, 44.508655548000036], [25.278757096000163, 44.453460694], [25.23632812600016, 44.42448806900012], [25.20466423000005, 44.45659256100009], [25.06664276200013, 44.397609712000076], [25.01202774000012, 44.411128998000095], [24.962646484000118, 44.37715148900014], [24.885545731000093, 44.38294983000003], [24.882297516, 44.394496919000176], [24.747552872000142, 44.39452743500004], [24.760622024000043, 44.46487808200004], [24.735530854000046, 44.46551513700007], [24.730684281000038, 44.51411056600017], [24.74411010800003, 44.538146973000096], [24.726718903, 44.54351043700012], [24.73674964800017, 44.55842590300017], [24.712066651000043, 44.58260726900005], [24.71821403500013, 44.6264228820001], [24.687463761000117, 44.70000076200006], [24.726739884000096, 44.721179962000065], [24.684913634000054, 44.7380867010001], [24.631181717, 44.729076387000134], [24.608474732, 44.75412368800016], [24.591453552000132, 44.75014877400008], [24.59016227700016, 44.79790878200009], [24.558019638000133, 44.831443786000136], [24.542266845000142, 44.89134597800006], [24.524309158000165, 44.89453506500007], [24.511013031, 44.84592056200012], [24.481935501000066, 44.822380066000164], [24.446868897000115, 44.81107330400005], [24.423044206000156, 44.82738113400006], [24.473865510000167, 44.87465667800012], [24.4812870020001, 44.89951324600008], [24.465179443000068, 44.913677215000064], [24.501291275000142, 44.945735932000105], [24.470411299999967, 44.94897842400013], [24.510574340000062, 44.99806976400015], [24.484342576000188, 45.01444625900007], [24.521806716000015, 45.049213411000096], [24.483051300000056, 45.06123352100002], [24.50866127000006, 45.085380555000086], [24.48904228100008, 45.10560226500013], [24.513990402000104, 45.10858154300007], [24.521106721000137, 45.13501739600008], [24.499473572000113, 45.16594314600019], [24.52351570100012, 45.18012619000007], [24.489049911000166, 45.19627761900017], [24.50262832700014, 45.20481872500005], [24.47728347700007, 45.20945358200015], [24.46831131000016, 45.23203659000012], [24.493762970000148, 45.282669068000075], [24.481758117000084, 45.29765701300005], [24.49428939900008, 45.323467255000025], [24.474136352000187, 45.331382751000035], [24.5071163180001, 45.383209229000045], [24.484886169000106, 45.41696548599998], [24.482591629000126, 45.45585250800019], [24.525562287000184, 45.47418594400011], [24.513454437000064, 45.51782226700004], [24.542083741000113, 45.536060334000126], [24.512994766000133, 45.58619689900007], [24.56745338500008, 45.57943725700011], [24.62836647000006, 45.6041679380001], [24.672512055000027, 45.59487152200006], [24.773817063000138, 45.61148071300005], [24.94301223800005, 45.58237838700012], [25.03765678400009, 45.59292602600004], [25.10477447600016, 45.585483552000085], [25.190605163000043, 45.52294540400004], [25.238443375000145, 45.51781845200003], [25.239900588000182, 45.47580719100006], [25.277454375000104, 45.44300460800014], [25.256925583000054, 45.42278289800015], [25.274549484000147, 45.40778350800019], [25.302629470000056, 45.423332214000084], [25.32675552300003, 45.34638595600018], [25.28197097700007, 45.269653319999975], [25.292623521, 45.223995209000066], [25.24925422600012, 45.2111396790001], [25.254320144000076, 45.181427001000145], [25.212970734000066, 45.1566200260001], [25.18398285, 45.20284652700013], [25.140567779000094, 45.21181106500006], [25.156511308000063, 45.201477051000154], [25.14833641000007, 45.129238128000054], [25.164215089000038, 45.12478256200018], [25.145914079000136, 45.11250686700015], [25.16357421900011, 45.11727142299998], [25.18119239700019, 45.09328460800015], [25.126169204000064, 45.070739747], [25.14998436000019, 45.05194091800007], [25.146402359000035, 45.038909913000055], [25.173566817000165, 45.04079055800014], [25.17173576400012, 45.028877258000136], [25.188802719000137, 45.03351593000002], [25.198385238000128, 45.01897430400015], [25.197851180000157, 44.991596223000045], [25.17385673600012, 44.98406601000005], [25.162824631000092, 44.92147064200003], [25.199090958000056, 44.903572083000086], [25.192230224000127, 44.88162231500013], [25.2061042790001, 44.856334687000185], [25.18857955800007, 44.82689666800013], [25.21440506100015, 44.78241729700005], [25.176471711000033, 44.71501541100008], [25.238946916000145, 44.69517517100019], [25.169910431000176, 44.66207885700004], [25.194332123000038, 44.64348983900015], [25.182348251000064, 44.63240814200009], [25.206293105999976, 44.63298797700003], [25.19987869300013, 44.60926056000011], [25.227025985000125, 44.60552597000003], [25.253284455000085, 44.56309509400006], [25.298904418, 44.55655288700012], [25.264450073000035, 44.508655548000036]]]}}, {"type": "Feature", "properties": {"name": "RO.40_1_AC", "x": 23.944, "y": 45.3896, "country": "RO"}, "geometry": {"type": "Polygon", "coordinates": [[[24.142829895000034, 44.55789566100003], [24.07928657500014, 44.49056244000013], [24.057434081000167, 44.495220184], [24.054292679000127, 44.51121139500003], [24.0382785810001, 44.50539398300009], [24.04303359900007, 44.522895813000105], [24.029338837000125, 44.517761230000076], [24.0275726320001, 44.53039932200005], [23.930545807000044, 44.52814865200014], [23.923280715000033, 44.56342697200017], [23.899326325000118, 44.575057984000125], [23.88245964000015, 44.61119079600013], [23.900981902000012, 44.62596511800007], [23.860363006000057, 44.62501525800019], [23.81810760400009, 44.64788055500014], [23.78966522100012, 44.637771606000115], [23.772151948000158, 44.77908325300007], [23.79745483400012, 44.81701278700007], [23.781726837000065, 44.86225890999998], [23.755010605000052, 44.871143341000106], [23.773880004000148, 44.949771881000174], [23.75662422300013, 44.99589920000017], [23.796812058000057, 45.02371597300004], [23.784030915000073, 45.06362533600014], [23.830051421, 45.07497406000016], [23.813734054000065, 45.125896454000156], [23.857154846000185, 45.15079116800007], [23.797691345000032, 45.26129150400004], [23.847959517999982, 45.327724457000045], [23.797533035000072, 45.35034942700014], [23.68855667100013, 45.3273239130001], [23.652637482000102, 45.34975433400018], [23.627553939999984, 45.33419418400007], [23.606292724000127, 45.34091186500012], [23.587345123000148, 45.35757064800015], [23.6031150820001, 45.38323211699998], [23.595266342000173, 45.41784668000008], [23.577608109000096, 45.4283218380001], [23.599586487000124, 45.472770691000164], [23.62227440000015, 45.46394348200016], [23.614526749000106, 45.45644760100015], [23.65511512800009, 45.45872879000012], [23.7051773070001, 45.497085572000174], [23.80557060200016, 45.532226562], [24.01286697300003, 45.53224182200006], [24.12025261000008, 45.50906372100013], [24.20660018900014, 45.523876191], [24.228187560000038, 45.54722976700015], [24.25881004300004, 45.54338455200008], [24.335760116000188, 45.58211898800005], [24.448032379000097, 45.59115219100005], [24.4831523900001, 45.57280349800004], [24.5144004820001, 45.587127685000155], [24.542083741000113, 45.536060334000126], [24.513454437000064, 45.51782226700004], [24.525562287000184, 45.47418594400011], [24.482591629000126, 45.45585250800019], [24.484886169000106, 45.41696548599998], [24.5071163180001, 45.383209229000045], [24.474136352000187, 45.331382751000035], [24.49428939900008, 45.323467255000025], [24.481758117000084, 45.29765701300005], [24.493762970000148, 45.282669068000075], [24.46831131000016, 45.23203659000012], [24.47728347700007, 45.20945358200015], [24.50262832700014, 45.20481872500005], [24.489049911000166, 45.19627761900017], [24.52351570100012, 45.18012619000007], [24.499473572000113, 45.16594314600019], [24.521106721000137, 45.13501739600008], [24.513990402000104, 45.10858154300007], [24.48904228100008, 45.10560226500013], [24.50866127000006, 45.085380555000086], [24.483083724000096, 45.061775207000096], [24.521806716000015, 45.049213411000096], [24.484342576000188, 45.01444625900007], [24.510574340000062, 44.99806976400015], [24.470411299999967, 44.94897842400013], [24.50061607300006, 44.94366836500018], [24.470781325000132, 44.92468261800019], [24.473865510000167, 44.87465667800012], [24.43966674700016, 44.845684051000035], [24.41800880500017, 44.85580063000015], [24.424594879000153, 44.89178466900006], [24.398368835000156, 44.900272369000106], [24.369594574000132, 44.871971130000134], [24.33502769400019, 44.870342254000036], [24.343488693000097, 44.85378265300005], [24.320224763000112, 44.83977127100019], [24.333314896000047, 44.81755447300014], [24.320365907000053, 44.816429138], [24.317426682000132, 44.78788375800019], [24.32023811300013, 44.794025421000015], [24.328298569000026, 44.79027939000014], [24.276142120000145, 44.769138337000186], [24.281276703000174, 44.70797729600014], [24.326257705000103, 44.61320877000014], [24.32644844000015, 44.561180115000184], [24.289367677000143, 44.56660080100016], [24.282535554000162, 44.602352143000076], [24.2660446160001, 44.60229492100012], [24.260454177000042, 44.54937362600003], [24.142829895000034, 44.55789566100003]]]}}, {"type": "Feature", "properties": {"name": "RO.41_1_AC", "x": 27.7196, "y": 46.6265, "country": "RO"}, "geometry": {"type": "Polygon", "coordinates": [[[27.84687232900012, 46.126602174000084], [27.78796196100018, 46.09093094000008], [27.764083862000064, 46.1282348630001], [27.68017387500015, 46.1414985670001], [27.608819961000165, 46.13093185400004], [27.593002320000153, 46.150352479000105], [27.585681915000123, 46.13576126100003], [27.602867127000025, 46.122695923000094], [27.589614869000116, 46.111640930000135], [27.612493516000086, 46.07702636800013], [27.588703156000065, 46.072109223000155], [27.629055022000102, 46.06153488200016], [27.60147667000018, 46.056293487], [27.606014252000136, 46.01961517300015], [27.588321686000143, 46.008007049000184], [27.564199448000124, 46.00353622500006], [27.541084290000185, 46.02275848300019], [27.517053604000182, 46.05650711200019], [27.53354263400007, 46.067371368000124], [27.518728257000078, 46.0856018070001], [27.536619186000053, 46.096622467000145], [27.503896712000085, 46.14357376200013], [27.486232757000096, 46.145576478000066], [27.50775528000014, 46.15563964900002], [27.511688232000154, 46.21025085400015], [27.475460052000017, 46.236740112000064], [27.470209121000153, 46.27405548100012], [27.485410691000084, 46.28304672200005], [27.4578495020001, 46.32141113300008], [27.478845596000042, 46.32334136999998], [27.465675354000098, 46.37161255000018], [27.381389619000174, 46.52431869600014], [27.277898789000062, 46.62557220500014], [27.323768616000052, 46.657062531000065], [27.2945175160001, 46.67707824700011], [27.328180313000132, 46.698242188000165], [27.211868286000083, 46.76080703700006], [27.207803725000133, 46.77009582500017], [27.235027313000046, 46.77584075900012], [27.21497726400014, 46.78955459700012], [27.228689194000083, 46.821208955000145], [27.190437316000043, 46.87625885000011], [27.28622818000008, 46.876312257], [27.31280136000015, 46.86329651000017], [27.399705887000096, 46.89387130800009], [27.426101684000116, 46.862743379000165], [27.461492538000073, 46.86257934600019], [27.534770966000053, 46.882343292000144], [27.521488189000024, 46.91474533100012], [27.533060074000105, 46.91606521500012], [27.56964302100016, 46.87802124000012], [27.572568893000152, 46.889144898000154], [27.59276390100007, 46.87911987400008], [27.645563126000184, 46.89767456100009], [27.609102249000102, 46.94645690900012], [27.62256240800008, 46.99192428700013], [27.734500885999978, 46.92247009300013], [27.77132415800014, 46.8729820260001], [27.793153762000145, 46.87453842200006], [27.771162033000167, 46.95529937800012], [27.812940597000136, 46.95318985000006], [27.817726135000157, 46.891292572000054], [27.798601150000025, 46.86064148000008], [27.871759415000156, 46.85968399100017], [27.895521164, 46.80695343000019], [27.945386887000097, 46.822727204000046], [27.92978286700003, 46.86662674100012], [28.01649093700013, 46.833972931000176], [28.05518913300017, 46.85181427000015], [28.093015670000113, 46.848831177000136], [28.177618027000108, 46.77895736800019], [28.16199112000004, 46.77738571200018], [28.18628692599998, 46.7603645320001], [28.174739837000175, 46.751232148000156], [28.196746826000037, 46.73286819500015], [28.190261840000062, 46.719326019000164], [28.210500718000105, 46.71244430600018], [28.210718156000155, 46.68517685100011], [28.237728119000053, 46.67992019700006], [28.24738121100006, 46.64611435000006], [28.251733780000052, 46.60425186100019], [28.232837999000083, 46.585468001000095], [28.24247360200019, 46.5812072760001], [28.224119000000144, 46.579430000000116], [28.237334998999984, 46.55191800000017], [28.216545000000167, 46.53680400000019], [28.231733, 46.527126], [28.210697000000152, 46.505558], [28.25966454400009, 46.46250530800012], [28.241604000000166, 46.452236], [28.26251792800008, 46.43753814700017], [28.251811987000053, 46.416011995000076], [28.231628, 46.414665], [28.24031257500019, 46.40699768100012], [28.226465, 46.399647], [28.24442863500019, 46.39519119200014], [28.21929740800016, 46.39621353200016], [28.22343444900008, 46.38204574600013], [28.199182510000128, 46.370841981000126], [28.209867478000092, 46.35936737100019], [28.18454551700006, 46.35287857000003], [28.201282501000037, 46.343704224000135], [28.18567276000016, 46.33313751200018], [28.205253602000084, 46.312179565000065], [28.180086136000114, 46.30042648400013], [28.18212890600006, 46.285770417000094], [28.17405510000009, 46.298347474000195], [28.170721054000126, 46.28276062100008], [28.15115738000003, 46.29244232200011], [28.154117584000176, 46.279235841000116], [28.141168594000078, 46.28499984900009], [28.12798500100007, 46.26222229100017], [28.148075103000167, 46.25217437800006], [28.111494064000112, 46.2431221010001], [28.111312865000116, 46.205028534000064], [28.12501144500004, 46.211093903], [28.11956024200009, 46.19247436600017], [28.136028291000116, 46.195732116000045], [28.145639419000076, 46.17951202300014], [28.129587174000164, 46.1779861440001], [28.144344330000138, 46.164543152000135], [28.125879288000192, 46.15192794800015], [28.13587951700009, 46.130661011000086], [28.125799179000182, 46.1118507380001], [28.010427475000085, 46.105171204000044], [28.010866166000085, 46.11557388200009], [27.98578834600005, 46.11072921800019], [27.96597290000011, 46.14138031100009], [27.94109535200016, 46.13535690400005], [27.912178039000025, 46.15406417800017], [27.87343025299998, 46.14575576900006], [27.858688355000083, 46.163337708000086], [27.84687232900012, 46.126602174000084]]]}}, {"type": "Feature", "properties": {"name": "RO.42_1_AC", "x": 27.1841, "y": 45.7015, "country": "RO"}, "geometry": {"type": "Polygon", "coordinates": [[[27.435247421000042, 45.3946571350001], [27.338376999000047, 45.37157058600013], [27.341094971000018, 45.383777618000124], [27.271520616000146, 45.39043808000014], [27.26589584400017, 45.42123794600019], [27.281791687000066, 45.42711639400005], [27.281089782000038, 45.45459747400008], [27.22497558500004, 45.42781829900014], [27.195932389000063, 45.45363998400012], [27.14489936800004, 45.41070175200008], [27.116115571000137, 45.40955352800012], [27.108089447000054, 45.43880462700014], [27.15987205400006, 45.46543502700018], [27.110759734999988, 45.475193024000134], [27.091503143000125, 45.44614410300011], [27.047098160000132, 45.45271301300005], [27.00347519000013, 45.4851188670001], [26.976594926000075, 45.532226562], [26.9873771660001, 45.53797531100008], [26.94977760400002, 45.52215576200007], [26.9048843380001, 45.53891372800018], [26.891687392000108, 45.51706695600018], [26.83407592700007, 45.51857376200013], [26.806926728, 45.54817199700017], [26.744710922000138, 45.550937653000176], [26.74491691700007, 45.56672668400017], [26.68324089000015, 45.609008790000075], [26.531393051000123, 45.64131164600008], [26.437768937000158, 45.73984527600004], [26.44295311000019, 45.77582550200003], [26.37655258100017, 45.82098770100015], [26.390913009000144, 45.95540618900003], [26.43900108400004, 45.989223481000124], [26.43917274500012, 46.03598404000013], [26.493732452000074, 46.04579544000012], [26.574151993000044, 46.01712036100014], [26.6588306430001, 46.08620834400011], [26.705959319000044, 46.09492111200018], [26.78125381500007, 46.094142913000155], [26.809061050000025, 46.0661468510001], [26.872465134000038, 46.084850312000185], [26.935371399000076, 46.065341951000164], [26.94904518200019, 46.1007232660001], [26.985206604000098, 46.11352539100017], [27.107318879000047, 46.08911895800003], [27.10682678300003, 46.105232240000134], [27.08787918100012, 46.111625672000116], [27.122331620000125, 46.10054397500005], [27.141208649000134, 46.134220123000034], [27.125169753000023, 46.14786148000013], [27.17479324300018, 46.18163681000016], [27.1874332430001, 46.17218017700009], [27.19211387700011, 46.18807602000004], [27.223226548000184, 46.19160843000009], [27.24728011999997, 46.17812728800004], [27.271448135000128, 46.18346023600003], [27.26424980200005, 46.200618745000156], [27.307828902000153, 46.20616149900013], [27.353298188000167, 46.15270996200019], [27.376083373000085, 46.15762329000012], [27.378499984000086, 46.18621063200004], [27.395380020000175, 46.19461059600019], [27.449728012000094, 46.184425354000155], [27.460794450000037, 46.157669067000086], [27.494552612000064, 46.162658691000104], [27.486232757000096, 46.145576478000066], [27.50464439500007, 46.13975525000018], [27.485605240000098, 46.13990020699998], [27.482587814000055, 46.126087190000135], [27.42028045700016, 46.13169860800008], [27.425209045000088, 46.089775086000145], [27.286693572000047, 46.079586028000165], [27.291814804000126, 46.059986115000186], [27.270124435000184, 46.04175186300017], [27.234960555000043, 46.042045594], [27.227642060000164, 46.00288009600007], [27.238840104000133, 45.95609664900013], [27.28606987000012, 45.886955262000185], [27.250236511000082, 45.87282562200011], [27.28101158100003, 45.87056350600017], [27.306154251000066, 45.842464447000054], [27.39449119600016, 45.69334030200014], [27.424043655000105, 45.669692993000126], [27.44932746799998, 45.67750167900016], [27.46744346600019, 45.63703155500008], [27.499753953000095, 45.63800811900006], [27.491163253000025, 45.62472152600003], [27.515308380000192, 45.61894226000004], [27.498592376000147, 45.60820388700017], [27.536746979000043, 45.581745147000106], [27.505765915000154, 45.56341171300005], [27.529827117000025, 45.54879379300007], [27.526075364, 45.51974105900018], [27.543016433000105, 45.50960159400012], [27.52840614300004, 45.50055694600013], [27.560062409000068, 45.48867034900013], [27.433965683000054, 45.41007232800007], [27.435247421000042, 45.3946571350001]]]}}, {"type": "Feature", "properties": {"name": "RO.4_1_AC", "x": 26.8302, "y": 46.2193, "country": "RO"}, "geometry": {"type": "Polygon", "coordinates": [[[26.974910737000073, 46.11078262300009], [26.94904518200019, 46.1007232660001], [26.93440055900004, 46.06511688299997], [26.872465134000038, 46.084850312000185], [26.809061050000025, 46.0661468510001], [26.78125381500007, 46.094142913000155], [26.705959319000044, 46.09492111200018], [26.6588306430001, 46.08620834400011], [26.574151993000044, 46.01712036100014], [26.493732452000074, 46.04579544000012], [26.44158554100011, 46.039161682000156], [26.40939903200018, 46.10386657800012], [26.370969772000024, 46.112392426000156], [26.381690979000098, 46.12846755900017], [26.393730163000043, 46.122898103000125], [26.388158797000187, 46.145095825], [26.344982147000167, 46.137207031000116], [26.328262328000108, 46.230255126000145], [26.260444640000173, 46.25016021800002], [26.254913331000182, 46.27738952700014], [26.275741577000076, 46.28738021800012], [26.292392730000188, 46.33655929500003], [26.2724704740001, 46.3451499950001], [26.222433091000028, 46.31479263300014], [26.157995224000047, 46.315372467000145], [26.16648101700008, 46.38514709400005], [26.063373565000063, 46.401004792000094], [26.04884147700011, 46.41678237900004], [25.9968223570001, 46.40701293900014], [26.00472259500009, 46.425453186000084], [25.989316940000037, 46.43953704800009], [26.01850128200016, 46.46134948700018], [26.008674622000115, 46.483058930000084], [26.057151794000163, 46.49478149400011], [26.076053619999982, 46.484916687], [26.084524154000064, 46.51273727500012], [26.03690528800007, 46.54430007900004], [26.03475189200003, 46.57131576500012], [26.000621795000086, 46.60116577200017], [25.9937400820001, 46.62191009600008], [26.02074432300003, 46.63516616800018], [25.97961807300004, 46.690013885000155], [26.054407120000064, 46.71706009000019], [26.073246003000122, 46.70816040000011], [26.082878112000117, 46.65646743800016], [26.102319718000103, 46.64718246500007], [26.141647338000155, 46.66101074300008], [26.160680770000056, 46.64195251500007], [26.217941283000187, 46.65673065300018], [26.21993827900019, 46.68038177600016], [26.267271042000118, 46.70343780600018], [26.295475006000117, 46.65551376299999], [26.332389831000114, 46.66432571400003], [26.39142608500015, 46.65065765300005], [26.437509537000153, 46.688079834000064], [26.47406005800002, 46.67685699599997], [26.516229629000122, 46.694927215000064], [26.57182502800015, 46.67882537800017], [26.610885619000044, 46.71365738000003], [26.677572251000186, 46.73625183200005], [26.677537917000166, 46.76794433700013], [26.744518281000126, 46.76852417100014], [26.732814790000134, 46.74946975800003], [26.756347655000127, 46.756534577000025], [26.752950668000153, 46.73815536600017], [26.78931236200009, 46.71764755200013], [26.84344673200013, 46.75159835800008], [26.82309341500013, 46.773403168000186], [26.851152420000176, 46.78022384700006], [26.85109138500019, 46.804924012000185], [26.887098311999978, 46.82884216300005], [26.915721893000182, 46.82078933800011], [26.894546509000122, 46.79853058000015], [26.924224853999988, 46.775360107000154], [26.937602996000066, 46.78507614199998], [26.94098854000009, 46.752155304000155], [27.045902253000065, 46.7743339540001], [27.062997817000053, 46.756347656000116], [27.10002136200012, 46.76979065000006], [27.11688614000019, 46.74890518199999], [27.14837455800017, 46.75329208500017], [27.152378083000087, 46.73148727400019], [27.207803725000133, 46.77009582500017], [27.240852356000175, 46.73553466800007], [27.328180313000132, 46.698242188000165], [27.2945175160001, 46.67707824700011], [27.323768616000052, 46.657062531000065], [27.277898789000062, 46.62557220500014], [27.381389619000174, 46.52431869600014], [27.46472358700015, 46.37381744300012], [27.478845596000042, 46.32334136999998], [27.4578495020001, 46.32141113300008], [27.485410691000084, 46.28304672200005], [27.470209121000153, 46.27405548100012], [27.480457306000176, 46.22091674799998], [27.51034355200011, 46.216068269], [27.50775528000014, 46.15563964900002], [27.480403901000102, 46.16783523600003], [27.460794450000037, 46.157669067000086], [27.449728012000094, 46.184425354000155], [27.399686814000177, 46.19472885100009], [27.380603790000066, 46.19015121400014], [27.376083373000085, 46.15762329000012], [27.353298188000167, 46.15270996200019], [27.307828902000153, 46.20616149900013], [27.26424980200005, 46.200618745000156], [27.271448135000128, 46.18346023600003], [27.24728011999997, 46.17812728800004], [27.223226548000184, 46.19160843000009], [27.19211387700011, 46.18807602000004], [27.1874332430001, 46.17218017700009], [27.17479324300018, 46.18163681000016], [27.125169753000023, 46.14786148000013], [27.141208649000134, 46.134220123000034], [27.122331620000125, 46.10054397500005], [27.08787918100012, 46.111625672000116], [27.10682678300003, 46.105232240000134], [27.107318879000047, 46.08911895800003], [26.974910737000073, 46.11078262300009]]]}}, {"type": "Feature", "properties": {"name": "RO.5_1_AC", "x": 21.9361, "y": 47.0411, "country": "RO"}, "geometry": {"type": "Polygon", "coordinates": [[[22.678510666000022, 46.523563385000045], [22.691679000000136, 46.44004440400016], [22.721103669000172, 46.43135833700006], [22.650592805000144, 46.39181900000017], [22.45438957100015, 46.385318757000164], [22.346052170000064, 46.44803237900015], [22.324531556000068, 46.483474732], [22.326770783000143, 46.51482772800017], [22.274349212000175, 46.50115966800007], [22.218706132000023, 46.52181625300011], [22.199600219000047, 46.514232636000145], [22.16642570500005, 46.570953369000165], [22.172506332000182, 46.60268402000003], [22.11778640800003, 46.60312652600004], [22.090539932000183, 46.61829376200018], [22.08969688400009, 46.63427353000003], [22.046232223000118, 46.637477876000105], [22.027431489000094, 46.654693605000034], [22.002117158000146, 46.62490844700011], [21.953887940000072, 46.617645264000146], [21.882787704000123, 46.63141250600012], [21.912130356000034, 46.66345214800003], [21.870893479000188, 46.681247712000186], [21.797927857000104, 46.65490341200007], [21.648828506000143, 46.66511535600017], [21.621847154000022, 46.64570617600003], [21.573783874000128, 46.650074006000125], [21.56885337800003, 46.60060501100003], [21.549970626000174, 46.60099792600016], [21.540510177000158, 46.62985611100004], [21.444091797000112, 46.666835786000036], [21.429286958000034, 46.68938446100009], [21.4937629690001, 46.68631362900004], [21.530939102000048, 46.7210617070001], [21.528264999000044, 46.73952102700008], [21.48507499699997, 46.764957429000106], [21.520307541000136, 46.80017471400015], [21.522010803, 46.837745667000036], [21.603609084000027, 46.866966247000164], [21.615871429000038, 46.88684463600009], [21.600263595000058, 46.92776107800012], [21.639894485000127, 46.933303833000025], [21.681905746000098, 46.96310424900014], [21.669902801000035, 46.97206878700007], [21.690593720000038, 47.002132416000165], [21.650409699000136, 47.04077148400012], [21.68425750800003, 47.046016694000116], [21.727741241000103, 47.0989151010001], [21.794052123000085, 47.10668564000008], [21.81910705500013, 47.17308044400005], [21.859380722000026, 47.187461853000116], [21.853357314999982, 47.23954391500013], [21.889396668000188, 47.27235412600015], [21.8802890770001, 47.287738801000046], [21.94013786400012, 47.37331771900011], [22.013607026000102, 47.376102447000164], [22.0242309570001, 47.39046096800007], [22.034355164000146, 47.45129394500003], [22.008720397, 47.483642579000104], [22.025695800000108, 47.52017212000004], [22.047060014000124, 47.54006576500012], [22.06307029700008, 47.52933883700007], [22.072977066000078, 47.53831482000015], [22.056924821, 47.548782349000135], [22.095260620000147, 47.55843353300003], [22.129777908000108, 47.59838867300016], [22.201934814000083, 47.5994339], [22.237817765000102, 47.565185547000056], [22.262535096000192, 47.56454086200006], [22.256620406000025, 47.540531159000125], [22.290712356000142, 47.54092788800017], [22.2899188990001, 47.50682068000003], [22.342735291000167, 47.49092865000017], [22.359251023000127, 47.42987060600012], [22.530973435000135, 47.41891861099998], [22.532108308000147, 47.39955902100013], [22.56754112300007, 47.39287567100013], [22.57168579000006, 47.35710525500019], [22.61358261099997, 47.34048080500014], [22.588603973000033, 47.326934815000016], [22.582172394000168, 47.30160522400007], [22.554777145, 47.30305480900006], [22.54781722900003, 47.271522522000055], [22.56769752500003, 47.251899719000164], [22.518592835000163, 47.23265457200006], [22.529497146000097, 47.22023010300012], [22.495271682000123, 47.18746948300003], [22.509849547999977, 47.166042329000106], [22.533336640000186, 47.1695213320001], [22.536293029000092, 47.14995193500016], [22.555988312000125, 47.14339065500013], [22.5461368550001, 47.13595962600016], [22.568174363000082, 47.12565231400015], [22.516304017000152, 47.10952758800005], [22.594350814999984, 47.06389618000014], [22.687486649000107, 47.05170822100007], [22.702884673000142, 47.01806640700005], [22.730392457000107, 47.00749588000002], [22.676715851000097, 46.9713439950001], [22.672899245000167, 46.95031738300014], [22.776700974000164, 46.91066742000015], [22.78050994800003, 46.897209167000085], [22.728185653000082, 46.81628036400008], [22.638900757000158, 46.79971695000012], [22.715690613000106, 46.763240814000085], [22.710117339000078, 46.73896026600016], [22.741315841000073, 46.716114045000154], [22.795166015, 46.63986587500011], [22.789560317, 46.627349854000045], [22.820362090000117, 46.63897323600003], [22.803146363000053, 46.618541718000074], [22.81962585400015, 46.57053756700003], [22.678510666000022, 46.523563385000045]]]}}, {"type": "Feature", "properties": {"name": "RO.6_1_AC", "x": 24.4785, "y": 47.1373, "country": "RO"}, "geometry": {"type": "Polygon", "coordinates": [[[24.462537766000082, 46.81497192300009], [24.451059341000075, 46.78937912100014], [24.47367096000005, 46.78308486900016], [24.457592010000155, 46.76798248300008], [24.417078019000087, 46.77424240200014], [24.385240554000063, 46.74752807700003], [24.302608490000125, 46.75352859600008], [24.183734894000168, 46.80262756400003], [24.198572159000037, 46.82017898700019], [24.190336226000113, 46.831352233000075], [24.212242125000103, 46.83983993600003], [24.213703156000122, 46.885471344000166], [24.22769164900012, 46.890052796000134], [24.16328620900009, 46.93373489300012], [24.17690467900013, 46.963535309000065], [24.11553192100007, 46.96083450300006], [24.120103835000123, 46.973644256000114], [24.099395752000135, 46.98940658700019], [24.122446060000073, 47.01921081600017], [24.105173111000056, 47.02729797500007], [24.132764816000133, 47.088127136000026], [24.14753723100017, 47.08789825500003], [24.148830414000145, 47.08991622899998], [24.12118339600005, 47.09814834700006], [24.109399796000105, 47.12441253800006], [24.071767808000175, 47.11853408800005], [24.018793106000032, 47.14344024700017], [24.030048370000088, 47.16454315100003], [24.019556046000105, 47.17737960800014], [23.96052551300005, 47.161819458000025], [23.92034149200009, 47.25418090900007], [23.929531097999984, 47.30047226000016], [23.981519699000046, 47.32143783600003], [24.008012772000143, 47.30517959600007], [24.02278900200008, 47.314434052000195], [24.023818971000082, 47.36166000300011], [24.125579834000177, 47.43864822300014], [24.127351760000067, 47.4986457820001], [24.14301109400003, 47.48767089800009], [24.168491362999987, 47.505962372000056], [24.241737365000176, 47.5003967290001], [24.30335426199997, 47.55883026200007], [24.305309296000075, 47.57949447600009], [24.344739914000172, 47.56621933100013], [24.388170242, 47.60861587500011], [24.568901063000112, 47.562736512000185], [24.633508683000173, 47.576080323000156], [24.661205291000158, 47.554248810000104], [24.727598190000037, 47.57651138300014], [24.808862685000122, 47.56692886400015], [24.82836532600004, 47.596591949000185], [24.900674820000177, 47.60312652500011], [24.96805381700011, 47.595661163000045], [25.053508759000124, 47.56061554100012], [25.09439468500011, 47.50279235900007], [25.041568757, 47.48303222800013], [25.067712784000037, 47.45071792600004], [25.09199333200013, 47.4497184760001], [25.054233550000106, 47.43159103500011], [25.05993461500009, 47.41675186200007], [25.028507232000095, 47.43599319600014], [24.98457145599997, 47.42425918600003], [25.071027755000102, 47.37027359100017], [25.062206269000114, 47.35295868000003], [25.081048965000093, 47.31498336800013], [25.029636383000025, 47.286949157000095], [25.08127784800007, 47.257595062], [25.046134948000088, 47.21573639000019], [25.068958283000143, 47.165981293000186], [25.064769744000046, 47.136783600000115], [25.014877319000107, 47.11163330200003], [24.953546525000093, 47.11929702800012], [24.931732178, 47.09564590500014], [24.871404648000066, 47.10522079400005], [24.79627990800003, 47.05143737800012], [24.74382019, 46.98503494200003], [24.74259758000011, 46.953361510000036], [24.723409653000147, 46.93267440800008], [24.755897523000044, 46.909996033000084], [24.660305023999967, 46.910217286000034], [24.626134871999966, 46.95473098700012], [24.596008301000154, 46.945728302000134], [24.58590507500014, 46.91558456500013], [24.524576186000047, 46.89924240200003], [24.539384842000175, 46.86780548100012], [24.52891349700019, 46.85464859000018], [24.462537766000082, 46.81497192300009]]]}}, {"type": "Feature", "properties": {"name": "RO.7_1_AC", "x": 27.2117, "y": 47.8322, "country": "RO"}, "geometry": {"type": "Polygon", "coordinates": [[[27.083042144, 47.473361969000166], [27.0508403770001, 47.46637726], [27.043485642, 47.43846130400004], [27.006608962000087, 47.46709823599997], [27.018129349, 47.46931457500017], [27.00879860000009, 47.485260010000104], [26.978933335000193, 47.49647140500019], [26.878423691000023, 47.49208068899998], [26.71808815000003, 47.51557922300003], [26.699146270000085, 47.493064880000134], [26.728433609000092, 47.4731140130001], [26.593526840000038, 47.45940017800007], [26.590665817, 47.490848541], [26.562156678000065, 47.495834350000166], [26.552183151000065, 47.512264252000136], [26.606378555000163, 47.52078247100013], [26.60549736100006, 47.532974243000126], [26.579576492000058, 47.535583495000026], [26.559614181000143, 47.579395293000175], [26.543466567000053, 47.58258056700009], [26.55358886700003, 47.60968399000012], [26.536539078000033, 47.63860702500017], [26.5472297660001, 47.6435890190001], [26.498270034000143, 47.65898513800005], [26.508964538000043, 47.663806916000055], [26.469242096000187, 47.71615600700005], [26.44766616800007, 47.73380661100015], [26.433891297000116, 47.72655487100019], [26.44145965500013, 47.743206024000074], [26.39378738300013, 47.73843765300012], [26.407777786000167, 47.78443527100018], [26.3712978370001, 47.77422714300019], [26.319875717000116, 47.815067292000094], [26.326713563000112, 47.83041763300014], [26.302295684000114, 47.83581924400005], [26.312616347000073, 47.84957885900019], [26.2954616560001, 47.863014221000185], [26.284114837000118, 47.856544495000094], [26.230026244999976, 47.900436402000025], [26.20103263800013, 47.88466262800017], [26.185123443000123, 47.89340210000012], [26.184490203000166, 47.92094040000012], [26.127429962000065, 47.933025361000034], [26.132741928000144, 47.9535598760001], [26.100456238000106, 47.97904586800007], [26.189668656000094, 47.99571228100018], [26.213724136000053, 48.05101013299998], [26.26848220900007, 48.07673645100016], [26.29962158100011, 48.1339149480001], [26.335855484000035, 48.159629822], [26.33430862400013, 48.18604660000011], [26.377901077000047, 48.19901657100007], [26.38845825100009, 48.187183381000125], [26.422491073000117, 48.20187378000014], [26.437509537000153, 48.193447112000115], [26.473127366000142, 48.22044754], [26.530910491000157, 48.21002197400003], [26.55133056600016, 48.22531890800002], [26.573953628000083, 48.219676971000126], [26.579799652000077, 48.24419784500003], [26.622011185000076, 48.23940658600003], [26.61708259700015, 48.2517128], [26.66240501300007, 48.264545441000166], [26.666275024000072, 48.24781799300007], [26.681892396000137, 48.248836518000076], [26.701845169000023, 48.26559829800016], [26.726627350000115, 48.24592208900009], [26.730205535000152, 48.25842666700015], [26.744268417000058, 48.254302979000045], [26.737485886000115, 48.245166778], [26.811248780000028, 48.254158020000034], [26.833213807000163, 48.22689819400017], [26.853364944000077, 48.234325410000054], [26.885841370000094, 48.202636718], [26.91038131800019, 48.20164108400007], [26.894052505000104, 48.191997529], [26.906261445000098, 48.180553436000025], [26.92250061100009, 48.18241882300009], [26.915510178000147, 48.19876480100004], [26.943027496000184, 48.19719696000004], [26.95157051100017, 48.185508728], [26.936861039000064, 48.164222718000076], [26.99333000200005, 48.14997863800011], [26.957595825000055, 48.15250015300012], [26.95796012800008, 48.135314941], [27.002191543000094, 48.1220932010001], [27.021835328000122, 48.13859558200011], [27.02611732400004, 48.12454986600005], [27.040830613000026, 48.12988662700013], [27.042282104000094, 48.10357284600008], [27.02655792200011, 48.09014511200019], [27.08558845600004, 48.034946442000034], [27.10913085900006, 48.0329818730001], [27.09270095900007, 48.00769043000014], [27.12547874500018, 48.01630020100009], [27.12343025200005, 47.99412536700015], [27.167745590000152, 47.99509811500013], [27.14297294700009, 47.96717452900009], [27.17976379400011, 47.947074890000124], [27.152433395, 47.92153549300008], [27.20154190100004, 47.90205764800004], [27.21058464000015, 47.849636079000106], [27.249803543000155, 47.83432769900003], [27.216869355000085, 47.81948852600016], [27.24296569800009, 47.815986634000126], [27.233068466000077, 47.79919815100004], [27.268053056000156, 47.78044891400009], [27.266719818000126, 47.76089859100017], [27.29979133600017, 47.748889923000036], [27.282388687000093, 47.73704147300009], [27.295522690000155, 47.724250794000056], [27.267095566000137, 47.73301696699997], [27.251636504000032, 47.719745637000074], [27.284240722000106, 47.70102691800014], [27.274965287000157, 47.68997192500018], [27.298055649, 47.68061447100007], [27.316528320000145, 47.643135070000085], [27.39274787900007, 47.58967209000002], [27.265148162000116, 47.57143402000003], [27.24822807400011, 47.556480407000095], [27.260736465000036, 47.529357911000034], [27.22457504300013, 47.51308822600009], [27.101778029000116, 47.54814529400011], [27.073898315000065, 47.51296234200015], [27.083042144, 47.473361969000166]]]}}, {"type": "Feature", "properties": {"name": "RO.8_1_AC", "x": 25.6448, "y": 45.6618, "country": "RO"}, "geometry": {"type": "Polygon", "coordinates": [[[25.823190688000125, 45.726112365000176], [25.973743438000042, 45.68755340600006], [25.973451614000055, 45.6662445070001], [25.952850340999987, 45.65269851700015], [25.97010040200007, 45.64077758800016], [26.003843308000057, 45.649459838000155], [26.022087098000043, 45.637653352000086], [26.020366668000122, 45.61581039400005], [26.058225632000187, 45.61680984500009], [26.067497254000102, 45.60670089700017], [26.056385040000123, 45.59402084300012], [26.10609817500017, 45.55028534000013], [26.06704330500014, 45.48557663100013], [26.044187546000046, 45.477626801000156], [25.9972858430001, 45.51381301900017], [25.971637726999973, 45.506431580000026], [25.92347335700009, 45.52239227300015], [25.89205741799998, 45.48777770900017], [25.89122581400011, 45.44701004100017], [25.861742020000065, 45.421516419000056], [25.825141907000045, 45.43169403100018], [25.820629120000092, 45.45590972800011], [25.78748703000008, 45.48450470100005], [25.767469407000192, 45.46584320100004], [25.72782707200014, 45.46567916900011], [25.68255424500012, 45.500869750000106], [25.631427765000126, 45.49636840900007], [25.600727081000116, 45.46273040800014], [25.5153656010001, 45.47002792500007], [25.46228408900015, 45.454288482000095], [25.414222717000087, 45.42979431200007], [25.404741287000036, 45.38681411800019], [25.323131561000082, 45.38137817300009], [25.302629470000056, 45.423332214000084], [25.274549484000147, 45.40778350800019], [25.256925583000054, 45.42278289800015], [25.277454375000104, 45.44300460800014], [25.239900588000182, 45.47580719100006], [25.238443375000145, 45.51781845200003], [25.190605163000043, 45.52294540400004], [25.10477447600016, 45.585483552000085], [24.959676742000056, 45.593002320000096], [24.94301223800005, 45.58237838700012], [24.91841316300014, 45.59484863400013], [24.837934495000184, 45.592315675000066], [24.812135696000098, 45.61102676400003], [24.68649101300008, 45.604408264000085], [24.671102524000048, 45.64079666200013], [24.683168412000043, 45.7098159790001], [24.640846252000074, 45.79535675000011], [24.689722062000158, 45.83672714300019], [24.71535682600006, 45.81643295200013], [24.71984481900006, 45.841243745000156], [24.77508545, 45.840045929000155], [24.773654938000163, 45.86812591700004], [24.716745376000176, 45.89606857399997], [24.70491218600006, 45.94060134800014], [24.750820160000103, 45.93547439500003], [24.770238877000054, 45.97588348400012], [24.8370666510001, 45.97809219500016], [24.822809219000135, 46.01038742100013], [24.867023468000127, 46.0099296570001], [24.891361236000137, 46.040084840000134], [24.96669387800017, 46.062053681], [24.947881699000163, 46.093811035000044], [24.976587295000115, 46.12414932399997], [25.017063141000108, 46.14665603600008], [25.047525406000034, 46.13352203300019], [25.080507279000187, 46.151729584000066], [25.12740707400019, 46.14264679100006], [25.190313339000056, 46.171726226000146], [25.25121498100009, 46.14168167100013], [25.263242722000086, 46.19079971200017], [25.271959305000166, 46.17118835500014], [25.334362030000136, 46.17803955200009], [25.374990463000074, 46.13589477700009], [25.45118331900005, 46.12499237100019], [25.45236206100003, 46.07366943400018], [25.502141952000102, 46.046859742000095], [25.563674927000022, 46.05336761500007], [25.56160736100003, 46.03645324700017], [25.58709144700009, 46.01941299400005], [25.542356491000078, 45.984088898000095], [25.541099548999966, 45.955898285000046], [25.554676056000062, 45.95656585600017], [25.54112052800002, 45.93037796100003], [25.564617157000043, 45.91499710100004], [25.54292297300003, 45.89196395900012], [25.641216278000115, 45.901233673000036], [25.589027405000024, 45.872417450000114], [25.59060478200007, 45.88299942100019], [25.559307098000033, 45.87808990400015], [25.573120117000144, 45.86471557700014], [25.55888557500009, 45.85312271100014], [25.669105529999968, 45.78691864100017], [25.67865943800018, 45.75804519600007], [25.664474488000167, 45.74866104100016], [25.704219818000126, 45.773921967000035], [25.766876222000064, 45.75672149700006], [25.791934966000042, 45.76478576700009], [25.789501190000124, 45.75387954800004], [25.834775923999985, 45.74782562200005], [25.823190688000125, 45.726112365000176]]]}}, {"type": "Feature", "properties": {"name": "RO.9_1_AC", "x": 27.8563, "y": 45.2236, "country": "RO"}, "geometry": {"type": "Polygon", "coordinates": [[[27.540863037000122, 44.783859254000106], [27.479562759000146, 44.775424958000144], [27.438179015000117, 44.799118042000146], [27.40924262900006, 44.773242950999986], [27.383552551000093, 44.77475357000003], [27.34224319499998, 44.8024749760001], [27.311214446000122, 44.77487564100011], [27.289632797000138, 44.78561782899999], [27.258962632000078, 44.75000381500007], [27.20503234800009, 44.78739166200012], [27.190225601000066, 44.806659700000125], [27.212703705000024, 44.8072395320001], [27.232906341000046, 44.85960769600018], [27.212013245000094, 44.87297058200005], [27.236213684000063, 44.8694343570001], [27.283193588000188, 44.99791336200019], [27.250789642000143, 44.99518966700015], [27.249252320000096, 45.027488708000135], [27.19910621700012, 45.02814102100001], [27.207904815000177, 45.10115432700013], [27.168626784000026, 45.08483123700012], [27.16808128400004, 45.103672028000176], [27.18366241400014, 45.110424042000034], [27.168548583000074, 45.11007690500014], [27.151403427000048, 45.17081451400003], [27.11354255600014, 45.15663528500005], [27.116035462000184, 45.13767623900003], [27.097869873000036, 45.13016128600009], [27.06798744100007, 45.159030914000084], [27.176675796000097, 45.249626160000105], [27.285100937000152, 45.20037078900009], [27.294162749000122, 45.21376037600015], [27.35154533300016, 45.212631226000155], [27.314289092000138, 45.292648315000065], [27.367130279000037, 45.27281189100012], [27.391756057000066, 45.28697967500017], [27.381290437000132, 45.33002471900011], [27.41192626999998, 45.34230804500004], [27.399789811000062, 45.361694336000085], [27.443273544000192, 45.37597656300005], [27.433965683000054, 45.41007232800007], [27.566118240000094, 45.49261474600007], [27.601530075000085, 45.48421859700005], [27.62851715200003, 45.455627442000036], [27.647497176000172, 45.46244812000003], [27.656824111000105, 45.491256714000144], [27.66217231700017, 45.47271347100002], [27.692993163000153, 45.48191070600012], [27.68318367100011, 45.465042114000084], [27.694719314000054, 45.462604522], [27.674840927000105, 45.446384430000194], [27.718355179000184, 45.43374252400008], [27.751152038000157, 45.448570252000195], [27.74410438600006, 45.41495132400013], [27.78355598400003, 45.42250824000013], [27.815391541000054, 45.394954682000105], [27.866968155000166, 45.397521972000106], [27.885524750000172, 45.420677185000045], [27.984081268000068, 45.39049530000011], [28.03205680900004, 45.40457916300005], [27.99634742800015, 45.286994935000166], [28.07197380200006, 45.251972199000136], [28.116685867000058, 45.259052276000034], [28.132106782000108, 45.234050752000144], [28.09289932200005, 45.19050216700015], [28.19919967600009, 45.13779067900009], [28.171867370000086, 45.123474121000186], [28.177553177000107, 45.102447510000104], [28.13769531200012, 45.10293960600018], [28.153896331000055, 45.03820800800014], [28.129980087000092, 45.01388168300008], [28.152751922000164, 44.973388673000045], [28.126638413000023, 44.922428132000164], [28.143974303000164, 44.89038848800004], [28.101692200000173, 44.86184692400019], [28.06773948600005, 44.78582763600008], [28.03607559200009, 44.76004028300008], [27.949417114000028, 44.780853271000126], [27.882532120000178, 44.76333999700006], [27.827239991000056, 44.78364562900009], [27.819900512000174, 44.820678712000074], [27.787597656000116, 44.82019805900018], [27.775207520000095, 44.80315780600006], [27.74319267300018, 44.8164825450001], [27.726902007000035, 44.79411697500018], [27.745765686000027, 44.779491424000184], [27.72431945800014, 44.77817154000002], [27.7233467100001, 44.76529693700013], [27.540863037000122, 44.783859254000106]]]}}]}